,Size,Ambientes,Address,Neighborhood,City,Rent
0,47, 3 ambs. , ZABALA 1700 ,Belgrano, Capital Federal ,25000
1,55, 3 ambs. , CALLAO Y CORRIENTES 441 ,Balvanera, Capital Federal ,24000
2,80, 3 ambs. , Virrey del Pino 2600 ,Belgrano, Capital Federal ,31000
3,49, 3 ambs. , Napoleon Uriburu 5769 ,Villa Lugano, Capital Federal ,12900
4,60, 3 ambs. , Rosario al 700 ,Caballito, Capital Federal ,20000
5,62, 3 ambs. , RAMÓN FALCÓN 3400 ,Flores, Capital Federal ,17500
6,66, 3 ambs. , Corrientes 5800 ,Villa Crespo, Capital Federal ,25000
7,55, 3 ambs. , Independencia 3177 ,Boedo, Capital Federal ,18000
8,110, 4 ambs. , Libertad al 1300 ,Recoleta, Capital Federal ,2200
9,61, 3 ambs. , CULLEN 4941 ,Villa Urquiza, Capital Federal ,50000
10,50, 3 ambs. , DEL LIBERTADOR AV al 6200 ,Belgrano, Capital Federal ,17000
11,56, 3 ambs. , Avellaneda 100 ,Caballito, Capital Federal ,25000
12,43, 3 ambs. , BOGOTA 261 ,Caballito, Capital Federal ,17000
13,64, 3 ambs. , AVDA FRANCISCO BEIRO al 4700 ,Villa Devoto, Capital Federal ,25000
14,68, 3 ambs. , Gral Hornos 840 ,Barracas, Capital Federal ,20000
15,94, 3 ambs. , POSADAS 1400 ,Recoleta, Capital Federal ,38000
16,65, 3 ambs. , LACARRA 472 ,Floresta, Capital Federal ,23000
17,51, 3 ambs. , Av. Honorio Pueyrredon 1120 ,Caballito, Capital Federal ,21000
18,46, 3 ambs. , Andres Vallejos 2500 ,Villa Pueyrredón, Capital Federal ,20000
19,60, 3 ambs. , Matheu al 1700 ,Parque Patricios, Capital Federal ,18000
20,62, 3 ambs. , Junin 410 ,Balvanera, Capital Federal ,24000
21,60, 3 ambs. , GORRITI al 3400 ,Recoleta, Capital Federal ,22000
22,54, 3 ambs. , Avenida larrazabal al 100 ,Liniers, Capital Federal ,23000
23,60, 3 ambs. , GORRITI al 3400 ,Palermo, Capital Federal ,22000
24,47, 3 ambs. , Tres Arroyos al 3900 ,Floresta, Capital Federal ,19500
25,53, 3 ambs. , Miller al 2500 ,Villa Urquiza, Capital Federal ,25000
26,74, 3 ambs. , Ruiz Huidobro 2600 ,Núñez, Capital Federal ,52000
27,60, 3 ambs. , aguilar al 2500 ,Belgrano, Capital Federal ,20000
28,83, 3 ambs. , Olga Cossettini 1350. 9*E ,Puerto Madero, Capital Federal ,800
29,118, 3 ambs. , Av Callao 1500 ,Recoleta, Capital Federal ,60000
30,65, 3 ambs. , Silvio L. Ruggieri al 2900 ,Palermo, Capital Federal ,60000
31,53, 3 ambs. , Avenida Rivadavia al 6200 ,Flores, Capital Federal ,28000
32,62, 3 ambs. , Solano Lopez 3300 1° ,Villa Devoto, Capital Federal ,35000
33,60, 3 ambs. , GASCON al 1100 ,Palermo, Capital Federal ,25000
34,110, 3 ambs. , Juana Manso 500 ,Puerto Madero, Capital Federal ,125000
35,78, 3 ambs. , MIGUELETES 1640 ,Belgrano, Capital Federal ,69000
36,78, 3 ambs. , MIGUELETES 1640 ,Belgrano, Capital Federal ,75000
37,55, 3 ambs. , Baez 250 ,Palermo, Capital Federal ,45000
38,78, 3 ambs. , MIGUELETES 1640 ,Belgrano, Capital Federal ,69000
39,57, 3 ambs. , Armenia al 2400 ,Palermo, Capital Federal ,32000
40,60, 3 ambs. , GORRITI al 3400 ,Recoleta, Capital Federal ,22000
41,69, 3 ambs. , Luis María Campos 86 6ºC ,Palermo, Capital Federal ,37000
42,95, 4 ambs. , Uriarte al 2200 ,Palermo, Capital Federal ,50000
43,86, 3 ambs. , Avenida Pueyrredon al 1700 ,Recoleta, Capital Federal ,38000
44,70, 3 ambs. , SAN JUAN al 3900 ,Boedo, Capital Federal ,37000
45,60, 3 ambs. , GASCON al 1100 ,Villa Crespo, Capital Federal ,25000
46,62, 3 ambs. , GUISE ,Palermo, Capital Federal ,35000
47,65, 3 ambs. , CORONEL DIAZ al 2100 ,Palermo, Capital Federal ,30000
48,50, 3 ambs. , Bonpland al 1600 ,Palermo, Capital Federal ,23000
49,53, 3 ambs. , Cap. Gral. R. Freire al 2000 ,Belgrano, Capital Federal ,25000
50,90, 3 ambs. , Uriarte 2200 ,Palermo, Capital Federal ,50000
51,80, 3 ambs. , Carlos Calvo al 1800 ,San Cristóbal, Capital Federal ,26000
52,100, 3 ambs. , AV. Cramer 2200 ,Belgrano, Capital Federal ,67000
53,60, 3 ambs. , PASAJE ANCON 5388 ,Palermo, Capital Federal ,37000
54,75, 3 ambs. , Virrey Olaguer Y Feliu 2444 ,Belgrano, Capital Federal ,58000
55,50, 3 ambs. , Fragata Presidente Sarmiento al 1100 ,Caballito, Capital Federal ,24000
56,100, 3 ambs. , Pasco al 1200 ,San Cristóbal, Capital Federal ,25000
57,79, 3 ambs. , Av. Nazca 1830 ,Villa del Parque, Capital Federal ,28000
58,95, 4 ambs. , Uriarte al 2200 ,Palermo, Capital Federal ,50000
59,134, 4 ambs. , Montevideo al 1300 ,Recoleta, Capital Federal ,1400
60,80, 3 ambs. , Semi Piso en Parana al 1000 3 amb con Dependencia de Servicio ,Recoleta, Capital Federal ,29900
61,68, 3 ambs. , Libertad al 1600 ,Recoleta, Capital Federal ,55000
62,46, 3 ambs. , SCALABRINI ORTIZ al 1400 ,Palermo, Capital Federal ,30000
63,65, 3 ambs. , Malabia 2200 ,Palermo, Capital Federal ,55000
64,64, 3 ambs. , Av Rivadavia al 4400 ,Caballito, Capital Federal ,22000
65,90, 4 ambs. , Soldado de la Independencia al 1300 ,Belgrano, Capital Federal ,53000
66,61, 3 ambs. , Cullen al 5000 ,Villa Urquiza, Capital Federal ,34000
67,100, 3 ambs. , Vista al Río ,Puerto Madero, Puerto Madero ,120000
68,57, 3 ambs. , Av. Coronel Diaz al 2000 ,Palermo, Capital Federal ,32000
69,80, 3 ambs. , Pompeya ,Nueva Pompeya, Capital Federal ,24000
70,61, 3 ambs. , AV. FIGUEROA ALCORTA al 3400 ,Palermo, Capital Federal ,42500
71,108, 3 ambs. , San Martín de Tours al 3100 ,Palermo, Capital Federal ,3000
72,100, 3 ambs. , República de la India al 2900 ,Palermo, Capital Federal ,140000
73,115, 3 ambs. , AV. LIBERTADOR al 3500 ,Palermo, Capital Federal ,80000
74,107, 3 ambs. , Avenida Alvear 1800 ,Recoleta, Capital Federal ,110000
75,100, 3 ambs. , Valor paquete con muebles Vista al Río ,Puerto Madero, Puerto Madero ,1500
76,73, 3 ambs. , Salta 1900 ,Constitución, Capital Federal ,24000
77,108, 3 ambs. , San Martín de Tours al 3100 ,Palermo, Capital Federal ,3000
78,100, 3 ambs. , República de la India al 2900 ,Palermo, Capital Federal ,140000
79,93, 3 ambs. , Arcos al 1700 ,Belgrano, Capital Federal ,2000
80,95, 3 ambs. , Gelly 3000 ,Palermo, Capital Federal ,1300
81,76, 3 ambs. , Moldes al 700 ,Belgrano, Capital Federal ,40000
82,100, 3 ambs. , Avenida Cramer 2200 ,Belgrano, Capital Federal ,72000
83,55, 3 ambs. , Basavilbaso al 1300 ,Retiro, Capital Federal ,30000
84,135, 3 ambs. , SALGUERO al 3000 ,Palermo, Capital Federal ,2000
85,115, 3 ambs. , AV. LIBERTADOR al 3500 ,Palermo, Capital Federal ,80000
86,100, 3 ambs. , Juana Manso al 400 ,Puerto Madero, Capital Federal ,1300
87,77, 3 ambs. , Valle al 1000 ,Caballito, Capital Federal ,38000
88,59, 3 ambs. , Gurruchaga 2200 ,Palermo, Capital Federal ,50000
89,81, 3 ambs. , AGUERO al 2300 ,Recoleta, Capital Federal ,35000
90,180, 4 ambs. , av. libertador al 4900 ,Palermo, Capital Federal ,250000
91,50, 3 ambs. , BULNES al 1100 ,Recoleta, Capital Federal ,45000
92,84, 3 ambs. , Nicaragua 5900 ,Palermo, Capital Federal ,80000
93,75, 3 ambs. , AZCUENAGA al 1400 ,Recoleta, Capital Federal ,35000
94,95, 3 ambs. , Bulnes al 2700 ,Palermo, Capital Federal ,65000
95,60, 3 ambs. , Cerviño al 3900 ,Palermo, Capital Federal ,40000
96,65, 3 ambs. , AMENABAR 3200 ,Núñez, Capital Federal ,195000
97,45, 3 ambs. , Avellaneda 2548 ,Flores, Capital Federal ,18000
98,152, 4 ambs. , San Blas 2100 ,Villa General Mitre, Capital Federal ,45000
99,82, 3 ambs. , JUNCAL Y LIBERTAD ,Recoleta, Capital Federal ,1100
100,101, 4 ambs. , REPUBLICA ARABE SIRIA 3300 2,Palermo, Capital Federal ,60000
101,52, 3 ambs. , French 2850 ,Recoleta, Capital Federal ,53500
102,165, 3 ambs. , AV. DEL Libertador al 300 ,Recoleta, Capital Federal ,3000
103,65, 3 ambs. ,Teodor García 1800,Belgrano, Capital Federal ,30000
104,64, 3 ambs. , DR. PEDRO IGNACIO RIVERA 4785 ,Villa Pueyrredón, Capital Federal ,36000
105,74, 3 ambs. , Moldes 2100 ,Belgrano, Capital Federal ,38000
106,191, 3 ambs. , Azucena Villaflor 669 ,Puerto Madero, Capital Federal ,4000
107,49, 3 ambs. , Directorio al 900 ,Caballito, Capital Federal ,18000
108,60, 3 ambs. , Gallo al 1200 ,Palermo, Capital Federal ,32000
109,80, 3 ambs. , Juan Maria Gutierrez al 2600 ,Recoleta, Capital Federal ,35000
110,283, 5 ambs. , Florida al 1000 ,Retiro, Capital Federal ,3500
111,78, 3 ambs. , Concepcion Arenal al 2400 ,Palermo, Capital Federal ,90000
112,191, 3 ambs. , Azucena Villaflor 669 ,Puerto Madero, Capital Federal ,3500
113,77, 3 ambs. , Av. Gral. Las Heras al 2400 ,Recoleta, Capital Federal ,38000
114,110, 3 ambs. , Av. Libertador al 900 ,Recoleta, Capital Federal ,49000
115,90, 3 ambs. , Cordoba al 1100 ,San Nicolás, Capital Federal ,33000
116,140, 3 ambs. , Arcos 1700 ,Belgrano, Capital Federal ,60000
117,47, 3 ambs. , Av. Scalabrini Ortiz al 1600 ,Palermo, Capital Federal ,27000
118,63, 3 ambs. , Chenaut al 1900 ,Palermo, Capital Federal ,45000
119,83, 3 ambs. , Avenida Córdoba al 2600 ,Recoleta, Capital Federal ,29500
120,85, 3 ambs. , Av. Jorge Newbery al 3400 ,Chacarita, Capital Federal ,1000
121,120, 3 ambs. , Mendoza 955 ,Belgrano, Capital Federal ,900
122,149, 4 ambs. , Juana Manso 1300 ,Puerto Madero, Capital Federal ,3000
123,130, 3 ambs. , Bv Azucena Villaflor al 550 ,Puerto Madero, Capital Federal ,140000
124,112, 3 ambs. , Migueletes 800 ,Palermo, Capital Federal ,2000
125,51, 3 ambs. , AV CABILDO al 200 ,Belgrano, Capital Federal ,23000
126,56, 3 ambs. , Avenida Olazabal 4600 ,Villa Urquiza, Capital Federal ,35000
127,53, 3 ambs. , Arenales al 3400 ,Palermo, Capital Federal ,32000
128,55, 3 ambs. , lascano 2900 ,Villa del Parque, Capital Federal ,30000
129,70, 3 ambs. , Jeronimo Salguero al 1800 ,Palermo, Capital Federal ,65000
130,88, 3 ambs. , Quintana al 500 ,Recoleta, Capital Federal ,45000
131,200, 3 ambs. , Av. del Libertador al 4900 ,Belgrano, Capital Federal ,1900
132,115, 3 ambs. , Juana Manso al 700 ,Puerto Madero, Capital Federal ,1800
133,95, 3 ambs. , Serrano 800 ,Villa Crespo, Capital Federal ,46800
134,60, 3 ambs. , Cabello y Scalabrini Ortíz ,Palermo, Capital Federal ,70000
135,53, 3 ambs. , Riglos al 600 ,Caballito, Capital Federal ,27000
136,165, 3 ambs. , AV. DEL Libertador al 300 ,Retiro, Capital Federal ,3000
137,130, 3 ambs. , Bv Azucena Villaflor al 550 ,Puerto Madero, Capital Federal ,1700
138,60, 3 ambs. , Remedios Escalada de San Martin 2749 ,Santa Rita, Capital Federal ,24300
139,90, 3 ambs. , Posadas al 1500 ,Recoleta, Capital Federal ,50000
140,95, 3 ambs. , Serrano 800 ,Caballito, Capital Federal ,46800
141,95, 2 dorms. , La Pampa al 700 ,Belgrano, Capital Federal ,130000
142,60, 3 ambs. , Conesa al 4600 ,Saavedra, Capital Federal ,42000
143,180, 3 ambs. , Avda. Del Libertador al 4900 ,Palermo, Capital Federal ,1900
144,110, 3 ambs. , Arenales al 800 ,Retiro, Capital Federal ,517
145,75, 4 ambs. , Hipolito Yrigoyen al 2500 ,Monserrat, Capital Federal ,23000
146,102, 4 ambs. , Schiaffino al 2100 ,Recoleta, Capital Federal ,70000
147,60, 3 ambs. , San Isidro Labrador 4600 ,Núñez, Capital Federal ,35500
148,175, 3 ambs. , Clay al 3000 ,Palermo, Capital Federal ,2000
149,67, 3 ambs. , Av Cramer 2500 ,Belgrano, Capital Federal ,38000
150,66, 3 ambs. , Paraguay al 1400 ,Recoleta, Capital Federal ,26000
151,65, 3 ambs. , Ramon Falcon 2500 ,Flores, Capital Federal ,43700
152,93, 3 ambs. , Coronel Diaz al 1500 ,Palermo, Capital Federal ,990
153,105, 5 ambs. , Av. Alvear al 1700 ,Recoleta, Capital Federal ,63000
154,63, 3 ambs. , Humboldt 1950 ,Palermo, Capital Federal ,1800
155,170, 3 ambs. , Demaria 4450 ,Palermo, Capital Federal ,1200
156,110, 3 ambs. , Juana Manso 1500 ,Puerto Madero, Capital Federal ,1300
157,90, 3 ambs. , Av Cordoba al 1400 ,San Nicolás, Capital Federal ,26000
158,250, 4 ambs. , Loft de Película en Puerto Madero ,Puerto Madero, Capital Federal ,3000
159,56, 3 ambs. , Ugarteche 3322 ,Palermo, Capital Federal ,28000
160,123, 4 ambs. , Posadas al 1100 ,Recoleta, Capital Federal ,96000
161,131, 3 ambs. , Azucena Villaflor al 500 ,Puerto Madero, Capital Federal ,2100
162,100, 2 ambs. , Sucre 2020 ,Belgrano, Capital Federal ,50000
163,70, 3 ambs. , Rodriguez Peña al 2000 ,Recoleta, Capital Federal ,35000
164,64, 3 ambs. , Rio de Janeiro al 1000 ,Almagro, Capital Federal ,30000
165,119, 3 ambs. , Posadas al 1100 ,Recoleta, Capital Federal ,1000
166,110, 3 ambs. , Av. Alvear al 1700 ,Recoleta, Capital Federal ,59000
167,95, 3 ambs. , Cerrito al 1500 y Posadas ,Recoleta, Capital Federal ,35000
168,113, 4 ambs. , CONDE al 1900 ,Belgrano, Capital Federal ,100000
169,69, 3 ambs. , Jorge Luis Borges 2100 6ºB ,Palermo, Capital Federal ,59000
170,55, 3 ambs. , Av. Figueroa Alcorta al 3000 ,Palermo, Capital Federal ,35000
171,91, 3 ambs. , Quartier del Polo,Palermo, Capital Federal ,2100
172,154, 3 ambs. , y Aime Paine ,Puerto Madero, Capital Federal ,3600
173,210, 4 ambs. , Aime Paine ,Puerto Madero, Capital Federal ,3200
174,106, 3 ambs. , Ortega Y Gasset 1625 ,Palermo, Capital Federal ,2000
175,70, 3 ambs. , Av Santa fe al 5300 ,Palermo, Capital Federal ,40000
176,219, 3 ambs. , Juana Manso al 1100 ,Puerto Madero, Capital Federal ,4000
177,162, 3 ambs. , Alvear al 1500 ,Recoleta, Capital Federal ,120000
178,83, 3 ambs. , Juana Manso al 1300 ,Puerto Madero, Capital Federal ,1300
179,110, 3 ambs. , Esmeralda 1386 ,Retiro, Capital Federal ,2000
180,70, 3 ambs. , AV Cramer al 1700 ,Belgrano, Capital Federal ,1500
181,80, 3 ambs. , Cerviño al 4600 ,Palermo, Capital Federal ,2500
182,89, 3 ambs. , Quartier Sinclair,Palermo, Capital Federal ,1500
183,156, 4 ambs. , Esmeralda al 1300 ,Retiro, Capital Federal ,1900
184,184, 4 ambs. , Libertad al 1600 ,Recoleta, Capital Federal ,2700
185,60, 3 ambs. , av de los Incas 4400 ,Coghlan, Capital Federal ,25000
186,85, 3 ambs. , CERVIÑO al 4700 ,Palermo, Capital Federal ,100000
187,60, 3 ambs. , Av Dorrego al 2600 ,Palermo, Capital Federal ,35000
188,120, 3 ambs. , Av. Corrientes 5300 ,Villa Crespo, Capital Federal ,45000
189,150, 5 ambs. , Av. Alvear al 1400 ,Recoleta, Capital Federal ,1100
190,170, 3 ambs. , Ugarteche 2910 ,Recoleta, Capital Federal ,1500
191,100, 4 ambs. , Av. Callao al 1600 ,Recoleta, Capital Federal ,62500
192,79, 3 ambs. , Guatemala 5648 ,Palermo, Capital Federal ,85000
193,100, 4 ambs. , FIGUEROA ALCORTA PRES. AV. 3000 9,Palermo, Capital Federal ,1300
194,123, 3 ambs. , Camila O'GORMAN al al 300 ,Puerto Madero, Capital Federal ,89000
195,85, 3 ambs. , Vuelta de Obligado al 4600 ,Núñez, Capital Federal ,34000
196,75, 3 ambs. , Juan B Justo al 1000 ,Palermo, Capital Federal ,1200
197,128, 3 ambs. , Azucena Villaflor 550 ,Puerto Madero, Capital Federal ,2700
198,100, 3 ambs. , Republica Arabe Siria al 3300 ,Palermo, Capital Federal ,60000
199,125, 4 ambs. , Libertador al 1100 ,Recoleta, Capital Federal ,58000
200,70, 3 ambs. , AV Cramer al 1700 ,Belgrano, Capital Federal ,1500
201,70, 3 ambs. , Paraguay al 800 ,Retiro, Capital Federal ,24000
202,170, 3 ambs. , Sinclair al 3200 ,Palermo, Capital Federal ,2500
203,90, 3 ambs. , Virrey Arredondo al 2200 ,Belgrano, Capital Federal ,47000
204,65, 3 ambs. , Av Libertador al 6700 ,Núñez, Capital Federal ,45000
205,160, 3 ambs. , Cerrito al 1100 ,Recoleta, Capital Federal ,2200
206,125, 3 ambs. , Aimé Painé al 1100 ,Puerto Madero, Capital Federal ,5000
207,115, 3 ambs. , Torre Art María Este ,Puerto Madero, Capital Federal ,100000
208,120, 3 ambs. , Cerviño al 4600 ,Palermo, Capital Federal ,3900
209,190, 4 ambs. , Copernico al 2300 ,Recoleta, Capital Federal ,2500
210,90, 3 ambs. , Juana Manso 1351 ,Puerto Madero, Capital Federal ,1600
211,140, 3 ambs. , Pueyrredon al 2400 ,Recoleta, Capital Federal ,45000
212,182, 5 ambs. , Juez Tedin al 3000 ,Palermo, Capital Federal ,2000
213,110, 3 ambs. , CAVIA 3000 12,Palermo, Capital Federal ,75000
214,81, 3 ambs. , Boulonge Sur Mer 400 ,Once, Capital Federal ,30000
215,130, 4 ambs. , Paraná al 1100 ,Recoleta, Capital Federal ,65000
216,130, 3 ambs. , julieta lanteri al 1300 ,Puerto Madero, Capital Federal ,3000
217,165, 3 ambs. , Madero Plaza Juana Manso al 1500 ,Puerto Madero, Capital Federal ,150000
218,105, 5 ambs. , Av. Alvear al 1700 ,Recoleta, Capital Federal ,63000
219,120, 3 ambs. , Mendoza 955 ,Belgrano, Capital Federal ,900
220,60, 3 ambs. , 11 de Septiembre 1630 ,Belgrano, Capital Federal ,32000
221,75, 3 ambs. , Humboldt al 2000 ,Palermo, Capital Federal ,2200
222,184, 4 ambs. , Macacha güemes al 300 ,Puerto Madero, Capital Federal ,3100
223,90, 3 ambs. , Virrey del Pino al 2100 ,Belgrano, Capital Federal ,2000
224,210, 3 ambs. , COPERNICO al 2300 ,Recoleta, Capital Federal ,2000
225,91, 3 ambs. , Güemes 3355 ,Palermo, Capital Federal ,2200
226,80, 3 ambs. , Azucena Villaflor al 400 ,Puerto Madero, Capital Federal ,1000
227,120, 3 ambs. , Parera al 100 ,Recoleta, Capital Federal ,80000
228,200, 3 ambs. , Sinclair 3200 ,Palermo, Capital Federal ,2500
229,77, 3 ambs. , Aime Paine al 1600 ,Puerto Madero, Capital Federal ,1150
230,130, 3 ambs. , Aime Paine al 1100 ,Puerto Madero, Capital Federal ,3000
231,254, 4 ambs. , Florida al 1000 ,Retiro, Capital Federal ,2500
232,89, 3 ambs. , Quintana al 400 ,Recoleta, Capital Federal ,40000
233,128, 3 ambs. , Arroyo al 800 ,Retiro, Capital Federal ,1250
234,184, 5 ambs. , Av. Figueroa Alcorta al 3000 ,Palermo, Capital Federal ,3500
235,191, 3 ambs. , Julieta Lanteri al 1200 ,Puerto Madero, Capital Federal ,3500
236,118, 3 ambs. , Juana Manso al 100 ,Puerto Madero, Capital Federal ,2100
237,70, 3 ambs. , Dorrego al 2200 ,Palermo, Capital Federal ,42000
238,59, 3 ambs. , Av. Luis Maria Campos al 400 ,Palermo, Capital Federal ,48000
239,68, 3 ambs. , Beruti al 3500 ,Palermo, Capital Federal ,55000
240,76, 3 ambs. , Uriarte 2300 ,Palermo, Capital Federal ,1100
241,76, 3 ambs. , ALQUILER DEPTO. RETIRO 3 AMB + DEPENDENCIA C/BAÑO. ,Retiro, Capital Federal ,28000
242,63, 3 ambs. , Demaria al 4500 ,Palermo, Capital Federal ,1100
243,169, 4 ambs. , Sinclair al 3200 ,Palermo, Capital Federal ,3000
244,130, 3 ambs. , Oro al 2800 ,Palermo, Capital Federal ,3700
245,197, 4 ambs. , Trinidad Guevara al 300 ,Puerto Madero, Capital Federal ,4500
246,125, 3 ambs. , AV DEL LIBERTADOR al 2400 ,Palermo, Capital Federal ,2500
247,160, 3 ambs. , Cerrito 1100 ,Recoleta, Capital Federal ,2100
248,61, 3 ambs. , Cullen al 5000 ,Villa Urquiza, Capital Federal ,36000
249,125, 4 ambs. , Libertador al 1100 ,Recoleta, Capital Federal ,45000
250,108, 3 ambs. , Ocampo al 2600 ,Palermo, Capital Federal ,2800
251,123, 4 ambs. , Esmeralda al 1300 ,Recoleta, Capital Federal ,1290
252,130, 3 ambs. , Ruggieri al 3000 ,Palermo, Capital Federal ,2200
253,78, 3 ambs. , Juana Manso 1500 5,Puerto Madero, Capital Federal ,105000
254,98, 3 ambs. , Ortega y Gasset al 1900 ,Palermo, Capital Federal ,2100
255,176, 3 ambs. , Juana MANSO al al 1100 ,Puerto Madero, Capital Federal ,2500
256,86, 3 ambs. , Fray Justo Sta. María de 2800 ,Palermo, Capital Federal ,1500
257,130, 4 ambs. , Avenida Cerviño al 4500 Quartier Polo ,Palermo, Capital Federal ,2800
258,91, 3 ambs. , Av. Segurola al 4400 ,Villa Devoto, Capital Federal ,45000
259,110, 3 ambs. , Migueletes al 800 ,Palermo, Capital Federal ,2200
260,75, 3 ambs. , Olazabal al 2200 ,Belgrano, Capital Federal ,90000
261,60, 3 ambs. , av de los Incas 4400 ,Villa Ortúzar, Capital Federal ,25000
262,150, 4 ambs. , Av. Alvear al 1500 ,Recoleta, Capital Federal ,2000
263,190, 3 ambs. , Marta Lynch al 400 ,Puerto Madero, Capital Federal ,4000
264,125, 3 ambs. , Av. del Libertador al 2400 ,Palermo, Capital Federal ,1800
265,91, 3 ambs. , Av. del Libertador al 5400 ,Palermo, Capital Federal ,2000
266,86, 3 ambs. , Fray Justo Sta Maria 2800 ,Palermo, Capital Federal ,2500
267,130, 3 ambs. , Av. del Libertador al 2400 ,Palermo, Capital Federal ,2900
268,180, 4 ambs. , av. libertador al 4900 ,Palermo, Capital Federal ,1900
269,60, 3 ambs. , Ciudad De La Paz al 1800 ,Belgrano, Capital Federal ,90000
270,80, 3 ambs. , Guemes 3300 ,Recoleta, Capital Federal ,3200
271,175, 3 ambs. , Julieta Lantieri al 1200 ,Puerto Madero, Capital Federal ,3200
272,122, 3 ambs. , LIBERTADOR al 1700 ,Palermo, Capital Federal ,2400
273,130, 4 ambs. , Avenida Cerviño al 4500 Quartier Polo ,Palermo, Capital Federal ,2500
274,80, 3 ambs. , Uruguay al 100 ,San Nicolás, Capital Federal ,35000
275,115, 4 ambs. , PACHECO DE MELO JOSE A. 1800 6,Recoleta, Capital Federal ,1000
276,92, 3 ambs. , Escalabrini Ortiz al 3500 ,Palermo, Capital Federal ,800
277,70, 3 ambs. , Demaría al 4500 ,Palermo, Capital Federal ,85000
278,107, 3 ambs. , Ramsay al 1800 ,Belgrano, Capital Federal ,1500
279,120, 3 ambs. , Parera al 100 ,Recoleta, Capital Federal ,94000
280,110, 4 ambs. , Congreso 2700 ,Belgrano, Capital Federal ,55000
281,98, 3 ambs. , Ortega y Gasset al 1900 ,Palermo, Capital Federal ,2100
282,65, 3 ambs. , RUGGIERI al 2900 ,Palermo, Capital Federal ,1800
283,90, 3 ambs. , Callao al 1600 ,Recoleta, Capital Federal ,1600
284,170, 3 ambs. , Córdoba al 5400 ,Palermo, Capital Federal ,2500
285,79, 3 ambs. , Uriarte al 2300 ,Palermo, Capital Federal ,1200
286,82, 3 ambs. , Dragones 2200 ,Belgrano, Capital Federal ,1800
287,54, 3 ambs. , Aguilar 2390 ,Palermo, Capital Federal ,36000
288,93, 3 ambs. , Coronel Diaz al 1500 ,Recoleta, Capital Federal ,900
289,95, 3 ambs. , Sinclair al 3000 ,Palermo, Capital Federal ,110000
290,123, 3 ambs. , Camila O'GORMAN al al 400 ,Puerto Madero, Capital Federal ,2300
291,100, 3 ambs. , Migueletes 800 ,Palermo, Capital Federal ,3000
292,90, 3 ambs. , Viamonte al 2700 ,Once, Capital Federal ,37000
293,100, 4 ambs. , CALLAO AV. 1600 7,Recoleta, Capital Federal ,1600
294,90, 3 ambs. , Callao al 1600 ,Recoleta, Capital Federal ,1600
295,115, 3 ambs. , Cerviño al 3000 ,Palermo, Capital Federal ,3000
296,56, 3 ambs. , Bulnes al 1900 ,Palermo, Capital Federal ,40000
297,92, 4 ambs. , Callao al 1300 ,Recoleta, Capital Federal ,40000
298,75, 3 ambs. , Guemes al 3300 ,Palermo, Capital Federal ,1950
299,110, 3 ambs. , Juana Manso 590 Piso 38 Oficina Sup. 120 Mts2 ,Puerto Madero, Capital Federal ,2200
300,161, 3 ambs. , Juana Manso al 1300 ,Puerto Madero, Capital Federal ,2800
301,95, 3 ambs. , Parera al 100 ,Recoleta, Capital Federal ,65000
302,100, 3 ambs. , Cerviño y Sinclair,Palermo, Capital Federal ,1750
303,45, 3 ambs. , Av Cordoba al 1300 ,San Nicolás, Capital Federal ,18000
304,95, 3 ambs. , Sinclair al 3000 ,Palermo, Capital Federal ,1100
305,160, 3 ambs. , LIBERTADOR al 300 ,Recoleta, Capital Federal ,3000
306,125, 3 ambs. , Aime Paime al 1100 ,Puerto Madero, Capital Federal ,5500
307,130, 4 ambs. , Alvear al 1700 ,Recoleta, Capital Federal ,1900
308,110, 3 ambs. , Torres DEL Yatch 3 AMB Amobaldo Juana Manso 590 Piso 38 ,Puerto Madero, Capital Federal ,2800
309,177, 3 ambs. , Julieta Lanteri 1200 ,Puerto Madero, Capital Federal ,3200
310,108, 3 ambs. , Felipe Vallese 2751 ,Floresta, Capital Federal ,48000
311,70, 3 ambs. , Coronel Diaz al 2700 ,Palermo, Capital Federal ,1000
312,82, 3 ambs. , Av. Córdoba 5400 ,Palermo, Capital Federal ,100000
313,177, 3 ambs. , Torre El Faro ,Puerto Madero, Puerto Madero ,3200
314,95, 3 ambs. , Sinclair al 3000 ,Palermo, Capital Federal ,1100
315,107, 3 ambs. , Manso Juana al 500 ,Puerto Madero, Capital Federal ,1500
316,169, 4 ambs. , Marcelo T de Alvear e/ Uriburu y Junín ,Recoleta, Capital Federal ,1800
317,58, 3 ambs. , Cordoba 5291 ,Palermo, Capital Federal ,150000
318,160, 3 ambs. , Alvear al 1800 y Callao ,Recoleta, Capital Federal ,2500
319,70, 3 ambs. , Juana Manso al 1600 ,Puerto Madero, Capital Federal ,78000
320,100, 4 ambs. , Montevideo 1500 3,Recoleta, Capital Federal ,55000
321,200, 3 ambs. , Copernico al 2300 Duplex Amoblado ,Recoleta, Capital Federal ,2000
322,90, 3 ambs. , Av. Callao al 1400 ,Recoleta, Capital Federal ,90000
323,118, 4 ambs. , Cerviño al 4500 ,Palermo, Capital Federal ,2500
324,130, 3 ambs. , Cerviño al 4600 y Oro ,Palermo, Capital Federal ,2500
325,46, 3 ambs. , Piedras al 1300 ,San Telmo, Capital Federal ,27000
326,100, 4 ambs. , Laprida al 1800 Entre French y Peña ,Recoleta, Capital Federal ,49000
327,118, 3 ambs. , Martha SALOTTI al al 400 ,Puerto Madero, Capital Federal ,1500
328,182, 3 ambs. , Azucena Villaflor al 500 ,Puerto Madero, Capital Federal ,3500
329,95, 3 ambs. , Sinclair al 3000 ,Palermo, Capital Federal ,110000
330,85, 3 ambs. , Niceto Vega 5850 ,Palermo, Capital Federal ,1600
331,120, 3 ambs. , Del Libertador al 900 y Callao ,Recoleta, Capital Federal ,57500
332,115, 3 ambs. , Posadas al 1100 y Cerrito ,Recoleta, Capital Federal ,1000
333,95, 3 ambs. , Segui 4700 ,Palermo, Capital Federal ,1700
334,120, 3 ambs. , Migueletes al 800 ,Palermo, Capital Federal ,2500
335,91, 3 ambs. , Av. Del Libertador 5500 ,Belgrano, Capital Federal ,76000
336,100, 3 ambs. , Ramsay 1800 ,Belgrano, Capital Federal ,1600
337,140, 3 ambs. , Aimé Painé al 1100 ,Puerto Madero, Capital Federal ,4500
338,152, 3 ambs. , Juana Manso al 1000,Puerto Madero, Capital Federal ,2680
339,200, 4 ambs. , sinclair al 3200 ,Palermo, Capital Federal ,2700
340,180, 3 ambs. , LANTERI JULIETA al 1200 ,Puerto Madero, Capital Federal ,3200
341,128, 3 ambs. , Azucena Villaflor al 400 ,Puerto Madero, Capital Federal ,2000
342,110, 3 ambs. , Juana Manso al 400 ,Puerto Madero, Capital Federal ,1300
343,123, 3 ambs. , Esmeralda al 1300 ,Retiro, Capital Federal ,1100
344,78, 3 ambs. , BULNES al 2700 ,Palermo, Capital Federal ,1700
345,80, 3 ambs. , Cabrera 3500 1° ,Palermo, Capital Federal ,35000
346,62, 3 ambs. , Quirno al 300 ,Flores, Capital Federal ,35000
347,74, 3 ambs. , Edificio Brisas Torre Juana Manso ,Puerto Madero, Capital Federal ,1400
348,90, 3 ambs. , Juana Manso al 500 ,Puerto Madero, Capital Federal ,2500
349,172, 4 ambs. , FIGUEROA ALCORTA al 3700 ,Palermo, Capital Federal ,2200
350,68, 3 ambs. , Ombu al 2900 ,Palermo, Capital Federal ,1500
351,110, 3 ambs. , Virrey del Pino al 2100 ,Belgrano, Capital Federal ,1000
352,124, 3 ambs. , Juana Manso 1500 ,Puerto Madero, Capital Federal ,2000
353,106, 3 ambs. , Av. Juana Manso ,Puerto Madero, Capital Federal ,1200
354,117, 3 ambs. , Martha SALOTTI al al 400 ,Puerto Madero, Capital Federal ,2000
355,143, 3 ambs. , Eyle  Petrona al 300  ,Puerto Madero, Capital Federal ,5500
356,78, 3 ambs. , Azucena Villaflor 300 ,Puerto Madero, Capital Federal ,1400
357,95, 4 ambs. , Ayacucho al 1500 ,Recoleta, Capital Federal ,2000
358,80, 3 ambs. , MIGUELETES al 500 ,Palermo, Capital Federal ,1500
359,72, 3 ambs. , Sinclair al 3200 ,Palermo, Capital Federal ,1300
360,80, 3 ambs. , Niceto Vega 5800 ,Palermo, Capital Federal ,1250
361,110, 4 ambs. , Riobamba al 1000 ,Recoleta, Capital Federal ,80000
362,110, 3 ambs. , Juana Manso 500 ,Puerto Madero, Capital Federal ,1350
363,67, 3 ambs. , Migueletes al 900 ,Palermo, Capital Federal ,1200
364,70, 3 ambs. , SANTA MARIA DE ORO FRAY JUSTO al 2800 ,Palermo, Capital Federal ,2600
365,130, 3 ambs. , Villaflor al 500 ,Puerto Madero, Capital Federal ,2200
366,70, 3 ambs. , RUGGIERI al 2900 ,Palermo, Capital Federal ,150000
367,72, 3 ambs. , Torres LAS Plazas,Palermo, Capital Federal ,80000
368,145, 3 ambs. , Martha Lynch al 400 ,Puerto Madero, Capital Federal ,2900
369,70, 3 ambs. , CORRIENTES 2300 ,San Cristóbal, Capital Federal ,24200
370,100, 3 ambs. , Ruggieri al 2900 ,Palermo, Capital Federal ,3000
371,120, 3 ambs. , ORO al 2800 ,Palermo, Capital Federal ,3000
372,52, 3 ambs. , Ciudad de la Paz al 3000 ,Núñez, Capital Federal ,28500
373,95, 3 ambs. , Serrano 800 ,Palermo, Capital Federal ,46800
374,192, 4 ambs. , El Faro. Azucena Villaflor 600. ,Puerto Madero, Capital Federal ,224000
375,135, 4 ambs. , GODOY CRUZ al 3000 ,Palermo, Capital Federal ,3000
376,107, 3 ambs. , Ruggeri al 3000 ,Palermo, Capital Federal ,2500
377,95, 4 ambs. , Avenida Alvear al 1800 ,Recoleta, Capital Federal ,1000
378,120, 3 ambs. , Parera e/ Quintana y Alvear ,Recoleta, Capital Federal ,94500
379,144, 3 ambs. , Marta Lynch al 400 ,Puerto Madero, Capital Federal ,2500
380,120, 3 ambs. , Julieta Lanteri al 1300 ,Puerto Madero, Capital Federal ,2500
381,135, 3 ambs. , ALVEAR al 1500 ,Recoleta, Capital Federal ,1600
382,60, 3 ambs. , Juan de Dios Filiberto al 1000 ,La Boca, Capital Federal ,35000
383,90, 3 ambs. , Juan b Justo al 1000 ,Palermo, Capital Federal ,1200
384,240, 3 ambs. , MANSO JUANA al 100 ,Puerto Madero, Capital Federal ,4800
385,78, 3 ambs. , Juramento 2800 10° ,Belgrano, Capital Federal ,38000
386,100, 3 ambs. , Olga Cossettini 1600 ,Puerto Madero, Capital Federal ,1600
387,68, 3 ambs. , Ruggeri al 2900 ,Palermo, Capital Federal ,1400
388,78, 3 ambs. , Carlos Pellegrini al 1300 ,Recoleta, Capital Federal ,2000
389,95, 3 ambs. , Godoy Cruz al 2900 ,Palermo, Capital Federal ,2000
390,95, 3 ambs. , AV SANTA FE al 1900 ,Recoleta, Capital Federal ,65000
391,85, 3 ambs. , Azcuenaga 1500 ,Recoleta, Capital Federal ,1300
392,130, 5 ambs. , Ayacucho al 1900 ,Recoleta, Capital Federal ,2700
393,133, 3 ambs. , MANSO JUANA al 100 ,Puerto Madero, Capital Federal ,3500
394,95, 3 ambs. , Serrano 800 ,Colegiales, Capital Federal ,46800
395,90, 3 ambs. , Juan b Justo al 1000 ,Palermo, Capital Federal ,1600
396,50, 3 ambs. , Valentín Gómez 3600 ,Almagro, Capital Federal ,21000
397,124, 3 ambs. , Juana Manso 1150 ,Puerto Madero, Capital Federal ,1100
398,175, 3 ambs. , Guemes Macacha al 300 ,Puerto Madero, Capital Federal ,3300
399,150, 3 ambs. , Petrona Eyle al 300 ,Puerto Madero, Capital Federal ,3500
400,66, 3 ambs. , Azucena Maizani 395 ,Puerto Madero, Capital Federal ,95000
401,191, 3 ambs. , Julieta Lanteri al 1200 ,Puerto Madero, Capital Federal ,3500
402,110, 4 ambs. , Congreso 2700 ,Belgrano, Capital Federal ,60000
403,84, 3 ambs. , Azcuénaga y French ,Palermo, Capital Federal ,1500
404,132, 3 ambs. , Av del Libertador al 2400 ,Palermo, Capital Federal ,2900
405,132, 3 ambs. , Av del Libertador al 2400 ,Palermo, Capital Federal ,2200
406,65, 3 ambs. , CABELLO al 3400 ,Palermo, Capital Federal ,63000
407,55, 3 ambs. , Zapiola 2300 ,Belgrano, Capital Federal ,30000
408,65, 3 ambs. , Juncal 4500 ,Palermo, Capital Federal ,60000
409,75, 4 ambs. , corrientes 4900 ,Villa Crespo, Capital Federal ,29000
410,90, 3 ambs. , Juana Manso 1351 ,Puerto Madero, Capital Federal ,1600
411,150, 3 ambs. , Alvear 1500 e/ y Montevideo ,Recoleta, Capital Federal ,2000
412,52, 3 ambs. , Paraguay 3604 ,Palermo, Capital Federal ,950
413,145, 3 ambs. , Juana Manso al 100 ,Puerto Madero, Capital Federal ,2500
414,113, 3 ambs. , CLAY al 3000 ,Palermo, Capital Federal ,2500
415,120, 3 ambs. , Rosario Vera Peñaloza al 500 ,Puerto Madero, Capital Federal ,250000
416,64, 3 ambs. , GUEMES al 4200 ,Palermo, Capital Federal ,25000
417,95, 3 ambs. , Serrano 800 ,Almagro, Capital Federal ,46800
418,152, 3 ambs. , Martha Salotti al 500 ,Puerto Madero, Capital Federal ,3000
419,100, 3 ambs. , Rodríguez Peña 1800 ,Recoleta, Capital Federal ,1200
420,122, 3 ambs. , ARROYO al 1100 ,Recoleta, Capital Federal ,1850
421,140, 3 ambs. , Ayacucho 1800 7,Recoleta, Capital Federal ,1800
422,95, 3 ambs. , Serrano 800 ,Caballito, Capital Federal ,46800
423,60, 3 ambs. , Arroyo al 800 ,Recoleta, Capital Federal ,2500
424,70, 3 ambs. , Libertador al 5700 ,Belgrano, Capital Federal ,1500
425,140, 3 ambs. , Pueyrredon al 2400 ,Recoleta, Capital Federal ,1000
426,145, 3 ambs. , Juana Manso al 100 ,Puerto Madero, Capital Federal ,2100
427,80, 3 ambs. , Mario bravo 1200 ,Palermo, Capital Federal ,35000
428,63, 3 ambs. , Dorrego 2700 ,Palermo, Capital Federal ,40000
429,60, 3 ambs. , H.Pueyrredon 700 ,Palermo, Capital Federal ,30346
430,98, 3 ambs. , Laprida al 1800 ,Recoleta, Capital Federal ,49000
431,95, 3 ambs. , Serrano 800 ,Chacarita, Capital Federal ,46800
432,46, 3 ambs. , Aguilar 2800 6° ,Colegiales, Capital Federal ,22000
433,140, 3 ambs. , Pueyrredon al 2400 ,Recoleta, Capital Federal ,45000
434,88, 3 ambs. , Scalabrini Ortiz al 2900 ,Palermo, Capital Federal ,48000
435,70, 3 ambs. , Santa Fe al 4900 ,Palermo, Capital Federal ,2200
436,55, 3 ambs. , ÁNGEL J. CARRANZA 2300 ,Palermo, Capital Federal ,24000
437,128, 3 ambs. , Azucena Villaflor al 400 ,Puerto Madero, Capital Federal ,150000
438,81, 3 ambs. , Guemes 3355 ,Palermo, Capital Federal ,2200
439,78, 3 ambs. , Bolivar al 1000 ,San Telmo, Capital Federal ,28000
440,89, 3 ambs. , Quintana al 400 ,Recoleta, Capital Federal ,40000
441,65, 3 ambs. , Anchorena 1600 ,Recoleta, Capital Federal ,40000
442,95, 3 ambs. , Serrano 800 ,Almagro, Capital Federal ,52000
443,53, 3 ambs. , Nazarre al 2600 ,Villa del Parque, Capital Federal ,27000
444,60, 3 ambs. , OLAYA al 1100 ,Caballito, Capital Federal ,20000
445,110, 4 ambs. , Congreso 2700 ,Belgrano, Capital Federal ,60000
446,64, 3 ambs. , DR. PEDRO IGNACIO RIVERA 4785 ,Villa Ortúzar, Capital Federal ,36000
447,120, 3 ambs. , Posadas al 1100 ,Recoleta, Capital Federal ,59000
448,56, 3 ambs. , MANSILLA 2600 ,Recoleta, Capital Federal ,28000
449,117, 4 ambs. , DEL LIBERTADOR AV. 900 4,Recoleta, Capital Federal ,68000
450,117, 3 ambs. , QUARTIER ORO al 100 ,Palermo, Capital Federal ,2300
451,105, 3 ambs. , Av. Puerredon 2400 ,Recoleta, Capital Federal ,45000
452,78, 3 ambs. , Peru al 800 ,San Telmo, Capital Federal ,50000
453,60, 3 ambs. , H.Pueyrredon 700 ,Almagro, Capital Federal ,30346
454,70, 3 ambs. , CORRIENTES 2300 ,Once, Capital Federal ,24200
455,74, 3 ambs. , Moldes 2100 ,Belgrano, Capital Federal ,38000
456,90, 3 ambs. , Juncal al 1300 ,Recoleta, Capital Federal ,30000
457,75, 3 ambs. , Cabrera al 3900 ,Palermo, Capital Federal ,70000
458,60, 3 ambs. , H.Pueyrredon 700 ,Flores, Capital Federal ,30346
459,55, 3 ambs. , Mario Bravo 1111 ,Almagro, Capital Federal ,23000
460,64, 3 ambs. , DR. PEDRO IGNACIO RIVERA 4785 ,Belgrano, Capital Federal ,36000
461,100, 3 ambs. , LIBERTAD 735 ,San Nicolás, Capital Federal ,40000
462,230, 3 ambs. , Santos Dumont 3400 ,Colegiales, Capital Federal ,2800
463,80, 3 ambs. , Riobamba 1100 4° ,Recoleta, Capital Federal ,40000
464,110, 4 ambs. , Congreso 2700 ,Belgrano, Capital Federal ,60000
465,97, 3 ambs. , Bolivar al 800 ,San Telmo, Capital Federal ,30000
466,100, 4 ambs. , Av. Quintana 100 6,Recoleta, Capital Federal ,70000
467,106, 4 ambs. , POSADAS 1100 25,Recoleta, Capital Federal ,90000
468,70, 3 ambs. , julian alvarez 300 ,Paternal, Capital Federal ,30492
469,80, 3 ambs. , Mario bravo 1200 ,Recoleta, Capital Federal ,35000
470,66, 3 ambs. , sucre 2970 ,Belgrano, Capital Federal ,35000
471,60, 3 ambs. , H.Pueyrredon 700 ,Agronomía, Capital Federal ,30346
472,76, 3 ambs. , Guemes al 3300 ,Recoleta, Capital Federal ,140000
473,60, 3 ambs. , H.Pueyrredon 700 ,Caballito, Capital Federal ,30346
474,70, 3 ambs. , julian alvarez 300 ,Caballito, Capital Federal ,30000
475,70, 3 ambs. , CORRIENTES 2300 ,San Nicolás, Capital Federal ,24200
476,80, 3 ambs. , Mario bravo 1200 ,Recoleta, Capital Federal ,35000
477,124, 3 ambs. , Azucena Villaflor 450 ,Puerto Madero, Capital Federal ,2500
478,60, 3 ambs. , H.Pueyrredon 700 ,Chacarita, Capital Federal ,30346
479,130, 3 ambs. , Avda. del Libertador 7324 ,Núñez, Capital Federal ,50000
480,80, 3 ambs. , Av. Corrientes 2900 ,Balvanera, Capital Federal ,33000
481,150, 3 ambs. , Juana Manso al 100 ,Puerto Madero, Capital Federal ,2200
482,57, 3 ambs. , Juncal al 4500 ,Palermo, Capital Federal ,29000
483,220, 3 ambs. , Sucre al 700 ,Belgrano, Capital Federal ,4200
484,100, 3 ambs. , Callao 1600 ,Recoleta, Capital Federal ,120000
485,140, 3 ambs. , Pueyrredon al 2400 ,Recoleta, Capital Federal ,1000
486,70, 3 ambs. , Avellaneda al 2000 ,Flores, Capital Federal ,22000
487,65, 3 ambs. , Silvio Ruggieri 2900 ,Palermo, Capital Federal ,1400
488,70, 3 ambs. , CORRIENTES 2300 ,Congreso, Capital Federal ,30000
489,76, 3 ambs. , ALQUILER DEPTO. BARRIO NORTE 3 AMB + DEPENDENCIA C ,Recoleta, Capital Federal ,28000
490,120, 3 ambs. , Parera al 100 ,Recoleta, Capital Federal ,80000
491,70, 3 ambs. , CORRIENTES 2300 ,Almagro, Capital Federal ,30492
492,60, 3 ambs. , H.Pueyrredon 700 ,Paternal, Capital Federal ,30346
493,116, 3 ambs. , Camila O Gorman 400 ,Puerto Madero, Capital Federal ,2500
494,55, 3 ambs. , DELGADO 588 ,Colegiales, Capital Federal ,25000
495,89, 3 ambs. , Riobamba 900 ,Recoleta, Capital Federal ,1800
496,107, 4 ambs. , Cerrito 1100 ,Retiro, Capital Federal ,1000
497,60, 3 ambs. , av de los Incas 4400 ,Colegiales, Capital Federal ,25000
498,131, 3 ambs. , AZUCENA VILLAFLOR 500 ,Puerto Madero, Capital Federal ,2700
499,60, 3 ambs. , av de los Incas 4400 ,Agronomía, Capital Federal ,25000
500,110, 3 ambs. , Av del Libertador al 3500 ,Palermo, Capital Federal ,37500
501,78, 3 ambs. , UGARTECHE 3000 9,Palermo, Capital Federal ,55000
502,90, 4 ambs. , Libertad 1300 ,Recoleta, Capital Federal ,1700
503,124, 3 ambs. , Azucena Villaflor 450 ,Puerto Madero, Capital Federal ,2000
504,170, 3 ambs. , Teodoro Garcia 1700 ,Belgrano, Capital Federal ,2000
505,60, 3 ambs. , Lavalle 1700 ,San Nicolás, Capital Federal ,21000
506,95, 3 ambs. , Serrano 800 ,Palermo, Capital Federal ,46800
507,110, 3 ambs. , Camila O'Gorman 373 ,Puerto Madero, Capital Federal ,1800
508,125, 3 ambs. , AIME PAIME al al 1100 ,Puerto Madero, Capital Federal ,5000
509,128, 3 ambs. , Le Parc Puerto Madero  Azucena Villaflor 400  ,Puerto Madero, Capital Federal ,2800
510,150, 3 ambs. , AVENIDA DEL LIBERTADOR al 3500 ,Palermo, Capital Federal ,95000
511,98, 3 ambs. , Guemes al 3300 ,Recoleta, Capital Federal ,180000
512,75, 3 ambs. , Carlos Pellegrini 1300 ,Recoleta, Capital Federal ,1400
513,60, 3 ambs. , av de los Incas 4400 ,Paternal, Capital Federal ,25000
514,65, 3 ambs. , Estados Unidos al 700 ,San Telmo, Capital Federal ,25000
515,135, 4 ambs. , ALVEAR 1500 6,Recoleta, Capital Federal ,1800
516,63, 3 ambs. , Arenales al 3400 ,Recoleta, Capital Federal ,26000
517,100, 3 ambs. , Republica Arabe Siria al 3300 ,Recoleta, Capital Federal ,60000
518,88, 3 ambs. , Olga Cossettini 1100 ,Puerto Madero, Capital Federal ,1700
519,145, 3 ambs. , Juana Manso al 100 ,Puerto Madero, Capital Federal ,2300
520,97, 3 ambs. , Cerviño al 3600 ,Palermo, Capital Federal ,1700
521,117, 3 ambs. , Camila O' Gorman 300,Puerto Madero, Capital Federal ,2600
522,70, 3 ambs. , Cabello 3400 E/paunero y Salguero,Recoleta, Capital Federal ,1500
523,50, 3 ambs. , Jorge Luis Borges 1800 ,Palermo, Capital Federal ,40000
524,60, 3 ambs. , Olazabal 3400 ,Belgrano, Capital Federal ,27000
525,80, 3 ambs. , Guemes al 3300 ,Palermo, Capital Federal ,3200
526,214, 3 ambs. , Pierina Dealessi al 500 ,Puerto Madero, Capital Federal ,4000
527,87, 3 ambs. , Bulnes al 2700 ,Palermo, Capital Federal ,1800
528,54, 3 ambs. , Aguilar 2390 ,Belgrano, Capital Federal ,36000
529,66, 3 ambs. , Sanchez de Bustamante al 2300 ,Recoleta, Capital Federal ,26000
530,70, 3 ambs. , julian alvarez 300 ,Chacarita, Capital Federal ,24200
531,68, 3 ambs. , REPUBLICA ARABE SIRIA 3200 ,Palermo, Capital Federal ,50000
532,72, 3 ambs. , TUCUMAN 1536 ,San Nicolás, Capital Federal ,22000
533,60, 3 ambs. , Catamarca 500 ,Balvanera, Capital Federal ,25000
534,55, 3 ambs. , Av. Figueroa Alcorta 3000 ,Palermo, Capital Federal ,32000
535,62, 3 ambs. , OLAYA al 1100 ,Caballito, Capital Federal ,24200
536,75, 3 ambs. , Juncal 4690 ,Palermo, Capital Federal ,80000
537,70, 3 ambs. , CORRIENTES 2300 ,Recoleta, Capital Federal ,24200
538,61, 3 ambs. , av Las Heras 2024 ,Recoleta, Capital Federal ,40000
539,61, 3 ambs. , VUELTA DE OBLIGADO al 1400 ,Belgrano, Capital Federal ,35000
540,62, 3 ambs. , OLAYA al 1100 ,Villa Crespo, Capital Federal ,24200
541,100, 3 ambs. , Migueletes 800 ,Palermo, Capital Federal ,3000
542,78, 3 ambs. , Arce al 400 ,Palermo, Capital Federal ,30000
543,90, 3 ambs. , Av. Nazca 1830 ,Villa del Parque, Capital Federal ,28000
544,60, 3 ambs. , Quintana al 500 ,Recoleta, Capital Federal ,1500
545,38, 3 ambs. , AV. CORRIENTES al 1200 ,San Nicolás, Capital Federal ,24000
546,200, 4 ambs. , Repùblica de la India al 3000 ,Palermo, Capital Federal ,3800
547,60, 3 ambs. , H.Pueyrredon 700 ,Villa Crespo, Capital Federal ,30346
548,70, 3 ambs. , CORRIENTES 2300 ,Balvanera, Capital Federal ,30000
549,80, 3 ambs. , Avenida Martin Comodoro Rivadavia 2360 ,Núñez, Capital Federal ,100000
550,42, 3 ambs. , Avenida Callao al 700 ,Recoleta, Capital Federal ,19000
551,55, 3 ambs. , Quintana al 200 ,Recoleta, Capital Federal ,34000
552,67, 3 ambs. ,  LUIS MARIA CAMPOS 86,Palermo, Capital Federal ,27500
553,75, 4 ambs. , corrientes 4900 ,Palermo, Capital Federal ,29000
554,60, 3 ambs. , Av Los Incas 5153 ,Parque Chas, Capital Federal ,28000
555,70, 3 ambs. , julian alvarez 300 ,Once, Capital Federal ,24200
556,135, 3 ambs. , Pueyrredon 2400 ,Recoleta, Capital Federal ,1180
557,114, 3 ambs. , AV. ALVEAR al 1700  ,Recoleta, Capital Federal ,2000
558,107, 4 ambs. , Cerrito 1100 ,Recoleta, Capital Federal ,1000
559,55, 3 ambs. , CORONEL DIAZ 2489 ,Recoleta, Capital Federal ,30000
560,65, 3 ambs. , AVENIDA BELGRANO 1469 ,Monserrat, Capital Federal ,24000
561,70, 3 ambs. , Concepción Arenal al 2700 ,Palermo, Capital Federal ,55000
562,150, 3 ambs. , Olga Cossettini 1500 ,Puerto Madero, Capital Federal ,3500
563,50, 3 ambs. , Pueyrredon 740 ,Balvanera, Capital Federal ,35000
564,80, 3 ambs. , Scalabrini Ortiz al 2700 ,Palermo, Capital Federal ,27000
565,70, 3 ambs. , Parana 1100 7° ,Recoleta, Capital Federal ,35000
566,146, 4 ambs. , San Blas 2100 ,Villa General Mitre, Capital Federal ,45000
567,185, 3 ambs. , Macacha guemes al 300 ,Puerto Madero, Capital Federal ,5900
568,87, 3 ambs. , Av Pueyrredón al 1700 ,Recoleta, Capital Federal ,42000
569,57, 3 ambs. , Ancon y Av. Dorrego ,Palermo, Capital Federal ,35000
570,46, 3 ambs. , SCALABRINI ORTIZ al 1400 ,Palermo, Capital Federal ,30000
571,60, 3 ambs. , Av. Juan de Garay al 500 ,San Telmo, Capital Federal ,20000
572,117, 3 ambs. , Martha SALOTTI al al 400 ,Puerto Madero, Capital Federal ,1500
573,60, 3 ambs. , Guardia Vieja ,Almagro, Capital Federal ,36000
574,75, 3 ambs. , Honorio Pueyrredon 843 ,Caballito, Capital Federal ,32000
575,114, 3 ambs. ,Avd. Alvear 1700,Recoleta, Capital Federal ,2000
576,51, 3 ambs. , Republica De Eslovenia 100 ,Palermo, Capital Federal ,42000
577,70, 3 ambs. , Bo. Olímpico ,Villa Lugano, Villa Lugano ,18000
578,80, 3 ambs. , Pacheco de Melo Jose A. al 2000 ,Recoleta, Capital Federal ,36000
579,190, 3 ambs. , Azucena Villaflor al 600 ,Puerto Madero, Capital Federal ,250000
580,75, 3 ambs. , AZCUENAGA al 1400 ,Recoleta, Capital Federal ,35000
581,90, 3 ambs. , JUAN FRANCISO SEGUI al 4600 ,Palermo, Capital Federal ,160000
582,90, 3 ambs. , Cerrito 1500 E/posadas y DEL Libertador ,Recoleta, Capital Federal ,45000
583,51, 3 ambs. , Republica De Eslovenia 1900 ,Palermo, Capital Federal ,42000
584,75, 3 ambs. , Marcelo Torcuato de Alvear al 2000 ,Recoleta, Capital Federal ,36000
585,72, 3 ambs. , Sinclair al 3200 ,Palermo, Capital Federal ,1300
586,80, 3 ambs. , Esmeralda al 900 ,Retiro, Capital Federal ,36000
587,115, 3 ambs. , Lola Mora al 400 ,Puerto Madero, Capital Federal ,125000
588,71, 3 ambs. , Honorio Pueyrredon al 800 ,Caballito, Capital Federal ,32000
589,182, 3 ambs. , Azucena Villaflor al 500 ,Puerto Madero, Capital Federal ,3500
590,65, 3 ambs. , O´HIGGINS al 2100 ,Belgrano, Capital Federal ,30000
591,80, 3 ambs. , Corvalán 900 3 Ambs al Frente Cochera Movil ,Mataderos, Capital Federal ,22000
592,139, 3 ambs. , LYNCH MARTA al 400 ,Puerto Madero, Capital Federal ,5000
593,61, 3 ambs. , Laprida al 1300 ,Recoleta, Capital Federal ,32000
594,70, 3 ambs. , Juncal 3500 ,Recoleta, Capital Federal ,38500
595,60, 3 ambs. ,Ramón Falcón 2600,Flores, Capital Federal ,20000
596,70, 3 ambs. , Juncal 3500 ,Palermo, Capital Federal ,38500
597,66, 3 ambs. , Charcas al 4700 ,Palermo, Capital Federal ,50000
598,87, 3 ambs. , Juan B Justo al 1000 ,Palermo, Capital Federal ,1600
599,45, 3 ambs. , MORENO al 2900 ,Balvanera, Capital Federal ,25000
600,55, 3 ambs. , Edificio 6. Columna 2. 9no piso B. ,Villa Riachuelo, Capital Federal ,14000
601,62, 3 ambs. , JUNIN 400 ,Almagro, Capital Federal ,25000
602,50, 3 ambs. , Ayacucho 369 ,Congreso, Capital Federal ,22000
603,62, 3 ambs. , Sarmiento al 3800 ,Almagro, Capital Federal ,23000
604,97, 3 ambs. , FRENCH 2242 ,Recoleta, Capital Federal ,60000
605,54, 3 ambs. , AGUILAR 2600 ,Belgrano, Capital Federal ,45000
606,54, 3 ambs. , LARRAZABAL 100,Liniers, Capital Federal ,23000
607,60, 3 ambs. , Peña 2700 ,Recoleta, Capital Federal ,25000
608,148, 3 ambs. , 11 DE SEPTIEMBRE DE 1888 al 1600 ,Belgrano, Capital Federal ,2500
609,35, 3 ambs. , Hidalgo 300 2° ,Caballito, Capital Federal ,14500
610,52, 3 ambs. , pueyrredon 700 ,Caballito, Capital Federal ,30000
611,53, 3 ambs. , Velez Sarsfield 161 ,Barracas, Capital Federal ,17000
612,57, 3 ambs. , CARRANZA 1400 ,Palermo, Capital Federal ,25000
613,50, 3 ambs. , DIRECTORIO 4200 ,Parque Avellaneda, Capital Federal ,15500
614,54, 3 ambs. , Venezuela 1800 ,Congreso, Capital Federal ,18500
615,45, 3 ambs. , Monroe 4870 ,Villa Urquiza, Capital Federal ,21000
616,50, 3 ambs. , Armenia 2152 ,Palermo, Capital Federal ,25300
617,95, 3 ambs. , Juan Maria Gutierrez 3900 ,Palermo, Capital Federal ,75000
618,60, 3 ambs. , JULIAN ALVAREZ 2100 ,Palermo, Capital Federal ,36000
619,67, 3 ambs. , Republica de la India al 3000 ,Palermo, Capital Federal ,36000
620,130, 3 ambs. , Av. Pueyrredon 2458 ,Recoleta, Capital Federal ,900
621,90, 3 ambs. , OLGA COSSETTINI 1300 ,Puerto Madero, Capital Federal ,75000
622,58, 3 ambs. , Montevideo al 1100 ,Recoleta, Capital Federal ,15000
623,72, 3 ambs. , Arenales al 1900 ,Recoleta, Capital Federal ,45000
624,65, 3 ambs. , corrientes 2100 ,San Cristóbal, Capital Federal ,22000
625,60, 3 ambs. , Bolivar al 400 ,Monserrat, Capital Federal ,30000
626,208, 3 ambs. , Macacha Güemes al 300 Madero Center ,Puerto Madero, Capital Federal ,4500
627,75, 3 ambs. , AV PUEYRREDON 700,Balvanera, Capital Federal ,26000
628,67, 3 ambs. , JUNCAL 2166 ,Recoleta, Capital Federal ,35000
629,70, 3 ambs. , Asamblea al 1100 ,Parque Chacabuco, Capital Federal ,22000
630,184, 3 ambs. , Macacha Güemes al 300 ,Puerto Madero, Capital Federal ,3700
631,62, 3 ambs. , Quintino Bocayuva 900 ,Boedo, Capital Federal ,27000
632,140, 4 ambs. , Ayacucho al 1800 ,Recoleta, Capital Federal ,1900
633,184, 3 ambs. , Macacha Güemes al 300 Madero Center ,Puerto Madero, Capital Federal ,3400
634,184, 3 ambs. , Macacha Güemes al 300 ,Puerto Madero, Capital Federal ,3400
635,85, 3 ambs. , AV DE LA PLATA 279 ,Caballito, Capital Federal ,33000
636,105, 3 ambs. , Av. Puerredon 2400 ,Recoleta, Capital Federal ,45000
637,65, 3 ambs. , LA PAMPA 5021 ,Villa Urquiza, Capital Federal ,33000
638,70, 3 ambs. , julian alvarez 300 ,Colegiales, Capital Federal ,30492
639,55, 3 ambs. , ECHEVERRIA al 5800 ,Villa Urquiza, Capital Federal ,25000
640,55, 3 ambs. , Bauness 2000 2° ,Villa Urquiza, Capital Federal ,26000
641,55, 3 ambs. , Av.Triunvirato 3600 ,Parque Chas, Capital Federal ,20000
642,80, 3 ambs. , Paraná 1030 ,Recoleta, Capital Federal ,26000
643,3, 3 ambs. , MORENO al 2900 ,Balvanera, Capital Federal ,25000
644,168, 3 ambs. , marta salotti 500 ,Puerto Madero, Capital Federal ,3500
645,76, 3 ambs. , Agüero 1862 ,Recoleta, Capital Federal ,38000
646,80, 3 ambs. , Av. Corrientes 2900 ,Balvanera, Capital Federal ,27900
647,180, 4 ambs. , FIGUEROA ALCORTA PRES. AV. 3700 6,Palermo, Capital Federal ,2200
648,70, 3 ambs. , Independencia al 1800 ,Monserrat, Capital Federal ,26000
649,70, 3 ambs. , Arroyo y Suipacha 000 ,Retiro, Capital Federal ,2500
650,80, 3 ambs. , Arroyo y Suipacha 000 ,Retiro, Capital Federal ,2600
651,45, 3 ambs. , Av. Velez Sarfield 161 ,Parque Patricios, Capital Federal ,17000
652,57, 3 ambs. , Avenida San Martin al 5000 ,Villa del Parque, Capital Federal ,27000
653,72, 3 ambs. , Arenales al 1900 ,Recoleta, Capital Federal ,45000
654,63, 3 ambs. , Venezuela 2061 ,Balvanera, Capital Federal ,24000
655,56, 3 ambs. , ACOYTE 600 ,Caballito, Capital Federal ,27000
656,78, 3 ambs. , DORREGO AV. 1800 8,Palermo, Capital Federal ,45000
657,60, 3 ambs. , Helguera 350 ,Flores, Capital Federal ,21500
658,70, 3 ambs. , CAMACUA al 300 ,Flores, Capital Federal ,27000
659,60, 3 ambs. , Juramento 5200 2° ,Villa Urquiza, Capital Federal ,27000
660,53, 3 ambs. , Uriarte 2400 PB ,Palermo, Capital Federal ,35000
661,65, 3 ambs. , RIGLOS al 700 ,Caballito, Capital Federal ,35000
662,60, 3 ambs. , Montevideo 300 ,Congreso, Capital Federal ,20000
663,60, 3 ambs. , Av Santa Fe 3721 ,Palermo, Capital Federal ,59000
664,181, 3 ambs. , Florida 1000 ,Retiro, Capital Federal ,85000
665,80, 4 ambs. , BERUTI 3000 2,Recoleta, Capital Federal ,32000
666,44, 3 ambs. , Melian 3200 ,Coghlan, Capital Federal ,19500
667,133, 4 ambs. , CALLAO AV. 1500 7,Recoleta, Capital Federal ,78000
668,60, 3 ambs. , av de los Incas 4400 ,Villa Urquiza, Capital Federal ,25000
669,60, 3 ambs. , av de los Incas 4400 ,Belgrano, Capital Federal ,25000
670,44, 3 ambs. , Zabala 1700 ,Belgrano, Capital Federal ,23000
671,100, 3 ambs. , Cabello 3200 ,Palermo, Capital Federal ,48000
672,70, 3 ambs. , julian alvarez 300 ,Palermo, Capital Federal ,24200
673,84, 3 ambs. , Montañeses 3150 ,Núñez, Capital Federal ,1500
674,72, 3 ambs. , Olazabal 5400 ,Villa Urquiza, Capital Federal ,29800
675,65, 3 ambs. , CRISOLOGO LARRALDE 2400 ,Núñez, Capital Federal ,50000
676,76, 3 ambs. , Agüero 1862 ,Recoleta, Capital Federal ,38000
677,72, 3 ambs. , Julian Alvarez 1800 ,Palermo, Capital Federal ,37000
678,53, 3 ambs. , Agüero 1500 ,Recoleta, Capital Federal ,25000
679,78, 3 ambs. , Chacabuco 500 ,Monserrat, Capital Federal ,22000
680,78, 3 ambs. , Av Santa Fe 2700 ,Recoleta, Capital Federal ,35000
681,67, 3 ambs. , CAMARGO al 1100 ,Villa Crespo, Capital Federal ,22000
682,85, 3 ambs. , Tuyu 100 1° ,Liniers, Capital Federal ,22000
683,60, 3 ambs. , av de los Incas 4400 ,Parque Chas, Capital Federal ,20000
684,70, 3 ambs. , Otamendi 0 ,Caballito, Capital Federal ,21000
685,63, 3 ambs. , av. santa fe 4800 ,Palermo, Capital Federal ,25000
686,53, 3 ambs. , Av. San Juan al 3800 ,Boedo, Capital Federal ,25000
687,50, 3 ambs. , Malabia 2400 ,Palermo, Capital Federal ,32000
688,65, 3 ambs. , Billinghurst 1835 ,Recoleta, Capital Federal ,33000
689,57, 3 ambs. , HORTIGUERA 664 ,Caballito, Capital Federal ,35000
690,70, 3 ambs. , julian alvarez 300 ,Villa Crespo, Capital Federal ,24200
691,58, 3 ambs. , Felipe Vallese 400 18° ,Caballito, Capital Federal ,33000
692,80, 3 ambs. , Paraná 1000 ,Recoleta, Capital Federal ,26000
693,78, 3 ambs. , LARREA 864 ,Recoleta, Capital Federal ,27000
694,60, 3 ambs. , Helguera 350 ,Flores, Capital Federal ,21500
695,74, 4 ambs. , SOLDADO DE LA INDEPENDENCIA al 1400 ,Belgrano, Capital Federal ,28000
696,70, 3 ambs. , FONROUGE al 200 ,Liniers, Capital Federal ,400
697,49, 3 ambs. , Quince de Noviembre 1400 ,Constitución, Capital Federal ,16000
698,56, 3 ambs. , AV. DORREGO al 2600 ,Palermo, Capital Federal ,35000
699,47, 3 ambs. , Vidal 2400 7° ,Belgrano, Capital Federal ,27000
700,59, 3 ambs. , FIGUEROA ALCORTA PRES. AV. 3000 3,Palermo, Capital Federal ,40000
701,70, 3 ambs. , julian alvarez 300 ,Almagro, Capital Federal ,24200
702,69, 3 ambs. , José Antonio Cabrera al 3900 Piso 9° ,Palermo, Capital Federal ,39500
703,78, 3 ambs. , Manuela Pedraza 2010 ,Núñez, Capital Federal ,50000
704,60, 3 ambs. , pedro lozano 2939 ,Villa del Parque, Capital Federal ,30000
705,71, 3 ambs. , acha 1653 ,Villa Urquiza, Capital Federal ,35000
706,43, 3 ambs. , Humberto I 1308 ,Constitución, Capital Federal ,14500
707,70, 3 ambs. , martiniano leguizamon 100 ,Liniers, Capital Federal ,36000
708,60, 3 ambs. , Helguera 350 ,Flores, Capital Federal ,21500
709,60, 3 ambs. , GARCIA DE COSSIO al 6800 ,Liniers, Capital Federal ,18000
710,60, 3 ambs. , O Higgins 2100 ,Belgrano, Capital Federal ,21000
711,130, 3 ambs. , Quintana 80 ,Recoleta, Capital Federal ,40000
712,55, 3 ambs. , Cordoba 2448 ,Recoleta, Capital Federal ,22000
713,53, 3 ambs. , ARRIBEÑOS al 2200 ,Belgrano, Capital Federal ,22000
714,55, 3 ambs. , RIVADAVIA AV 8012 ,Floresta, Capital Federal ,15880
715,37, 2 ambs. , Santiago de las Carreras 45 ,Floresta, Capital Federal ,16000
716,84, 3 ambs. , Ramón L. Falcón 2500 ,Flores, Capital Federal ,18000
717,110, 4 ambs. , MAIPú 700 5,San Nicolás, Capital Federal ,23500
718,70, 3 ambs. , MORENO 786 ,Monserrat, Capital Federal ,17500
719,70, 3 ambs. , Aime Paine 1635 ,Puerto Madero, Capital Federal ,45000
720,70, 3 ambs. , JosÉ Pedro Varela 4300 ,Villa Devoto, Capital Federal ,28000
721,62, 3 ambs. , EL SALVADOR 5512 ,Palermo, Capital Federal ,25000
722,65, 3 ambs. , bonifacio 2300 ,Flores, Capital Federal ,17900
723,65, 3 ambs. , Rodriguez Peña 110 ,Congreso, Capital Federal ,21000
724,70, 3 ambs. , MURGUIONDO al 1500 ,Liniers, Capital Federal ,17000
725,54, 3 ambs. , Avellaneda 1000 ,Caballito, Capital Federal ,32000
726,80, 3 ambs. , Juncal 2200 ,Recoleta, Capital Federal ,25000
727,80, 3 ambs. , AZARA al 600 ,Barracas, Capital Federal ,22500
728,63, 3 ambs. , BULNES 1800 5,Palermo, Capital Federal ,32000
729,50, 3 ambs. , av escalada 37 ,Villa Luro, Capital Federal ,15000
730,50, 3 ambs. , Santiago del estero 1000 ,Monserrat, Capital Federal ,18000
731,62, 3 ambs. , SANTOS DUMONT 2719 ,Colegiales, Capital Federal ,24000
732,71, 3 ambs. , Vuelta de Obligado 4200 ,Núñez, Capital Federal ,29000
733,54, 3 ambs. , VALENTIN GOMEZ 3300 ,Almagro, Capital Federal ,20000
734,70, 3 ambs. , Av. Pedro Goyena 600 ,Caballito, Capital Federal ,30000
735,60, 3 ambs. , AV.ALBERDI J.B. al 7200 ,Mataderos, Capital Federal ,18000
736,65, 3 ambs. , alberdi 2600 ,Flores, Capital Federal ,21000
737,55, 3 ambs. , falcon 2600 ,Flores, Capital Federal ,16900
738,80, 3 ambs. , Lemos 200 ,Chacarita, Capital Federal ,36000
739,60, 3 ambs. ,JUAN B.  JUSTO 2225,Villa Crespo, Capital Federal ,20000
740,52, 3 ambs. , Paraguay 3604 ,Palermo, Capital Federal ,34000
741,58, 3 ambs. , VEDIA al 1600 ,Núñez, Capital Federal ,29000
742,54, 3 ambs. , BONPLAND al 2200 ,Palermo, Capital Federal ,30000
743,50, 3 ambs. , CABILDO 4276 ,Núñez, Capital Federal ,19000
744,58, 3 ambs. , Emilio Lamarca 3100 ,Villa del Parque, Capital Federal ,23000
745,75, 3 ambs. , PICHINCHA 1300 ,San Cristóbal, Capital Federal ,20000
746,44, 3 ambs. , Escalada 1000 8° ,Monte Castro, Capital Federal ,14000
747,70, 3 ambs. , senillosa 1900 ,Parque Chacabuco, Capital Federal ,21900
748,54, 3 ambs. , Miralla 2200 ,Mataderos, Capital Federal ,20000
749,56, 3 ambs. , Jose Pedro Varela 4128 ,Villa Devoto, Capital Federal ,20000
750,85, 3 ambs. , Caseros 900 ,Barracas, Capital Federal ,23000
751,50, 3 ambs. , Avenida de los Incas 3900 ,Villa Urquiza, Capital Federal ,24000
752,55, 3 ambs. , Gral paz 8310 8310 ,Villa Devoto, Capital Federal ,17500
753,57, 3 ambs. , AMENABAR al 2800 ,Belgrano, Capital Federal ,19000
754,80, 3 ambs. , BRASIL al 100 ,Barracas, Capital Federal ,18000
755,64, 3 ambs. , Av saenz 400 ,Parque Patricios, Capital Federal ,20000
756,55, 3 ambs. , Nueva York 3393 ,Villa Devoto, Capital Federal ,21000
757,68, 3 ambs. , San Nicolas 4236 ,Villa Devoto, Capital Federal ,27000
758,50, 3 ambs. , VUELTA DE OBLIGADO 2450 ,Belgrano, Capital Federal ,22000
759,67, 3 ambs. , CNEL RAMON L. FALCON 2495 ,Flores, Capital Federal ,20000
760,34, 3 ambs. , Espinosa 2232 ,Paternal, Capital Federal ,18900
761,60, 3 ambs. , Av Directorio 600 ,Caballito, Capital Federal ,27000
762,55, 3 ambs. , Av Mosconi 2836 ,Villa Pueyrredón, Capital Federal ,21000
763,41, 3 ambs. , Av. Independencia 4000 ,Almagro, Capital Federal ,19500
764,50, 3 ambs. , Rivera indarte 181 ,Flores, Capital Federal ,26000
765,50, 3 ambs. , AMENABAR 3220 ,Belgrano, Capital Federal ,26999
766,45, 3 ambs. , Alberti 1600 ,San Cristóbal, Capital Federal ,15500
767,60, 3 ambs. , Av Australia 2942 ,Barracas, Capital Federal ,20000
768,51, 3 ambs. , DIRECTORIO 126 ,Caballito, Capital Federal ,22000
769,70, 3 ambs. , Pres. Tte. Gral. Juan Domingo Perón C1037ACH ADA,Balvanera, Capital Federal ,18000
770,60, 3 ambs. , Argerich 3100 ,Villa del Parque, Capital Federal ,20000
771,57, 3 ambs. , Pavon 1950 ,Constitución, Capital Federal ,18000
772,60, 3 ambs. , Ortega y Gasset 1800 ,Palermo, Capital Federal ,35000
773,57, 3 ambs. , AV CALLAO 300 ,Congreso, Capital Federal ,20000
774,60, 3 ambs. , Araoz Alfaro y Ambrosetti SN ,Caballito, Capital Federal ,33000
775,55, 3 ambs. , Trelles 900 ,Caballito, Capital Federal ,22000
776,100, 3 ambs. , República Árabe Siria 2920 ,Palermo, Capital Federal ,70000
777,67, 3 ambs. , VIRREY OLAGUER 2468 ,Belgrano, Capital Federal ,25000
778,27, 2 ambs. , San Luis 2850 ,Recoleta, Capital Federal ,22000
779,53, 3 ambs. , CABRERA 3840 ,Palermo, Capital Federal ,35000
780,50, 3 ambs. , Av. Forest 435 ,Chacarita, Capital Federal ,8000
781,54, 3 ambs. , Manuel Artigas 5196 ,Villa Luro, Capital Federal ,17500
782,51, 3 ambs. , Av. Escalada 20 ,Villa Luro, Capital Federal ,18000
783,70, 3 ambs. , Anchorena 1300 ,Recoleta, Capital Federal ,26000
784,80, 3 ambs. , Zequeira 6024 ,Mataderos, Capital Federal ,14000
785,60, 3 ambs. , Monroe 4521 ,Villa Urquiza, Capital Federal ,34500
786,55, 3 ambs. , Acoyte 91 ,Caballito, Capital Federal ,20000
787,75, 3 ambs. , AVENIDA LA PLATA 1300 ,Boedo, Capital Federal ,30000
788,72, 3 ambs. , PALESTINA 607 ,Almagro, Capital Federal ,27000
789,65, 3 ambs. , BALBIN 2600 ,Belgrano, Capital Federal ,32500
790,70, 3 ambs. , AV. ESCALADA 4300 ,Villa Lugano, Capital Federal ,20000
791,58, 3 ambs. , Jose luis cantilo 5037 ,Villa Devoto, Capital Federal ,30000
792,60, 3 ambs. , arenales 2800 ,Recoleta, Capital Federal ,25000
793,73, 3 ambs. , Avenida Garay 1264 ,Constitución, Capital Federal ,17999
794,76, 3 ambs. , Gurruchaga 274 ,Villa Crespo, Capital Federal ,36000
795,45, 3 ambs. , Álvarez Thomas 833 ,Colegiales, Capital Federal ,20000
796,60, 3 ambs. , CAMARONES 2800 ,Villa del Parque, Capital Federal ,23000
797,55, 3 ambs. , Esmeralda 900 ,Retiro, Capital Federal ,18000
798,78, 3 ambs. , terrada 925 ,Flores, Capital Federal ,28000
799,62, 3 ambs. , Sanchez de Bustamante 1880 ,Recoleta, Capital Federal ,27500
800,70, 3 ambs. , guemes 3756 ,Palermo, Capital Federal ,29700
801,48, 3 ambs. , Albarellos 2957 ,Villa Pueyrredón, Capital Federal ,25000
802,110, 3 ambs. , Virrey del pino 2100 ,Belgrano, Capital Federal ,80000
803,56, 3 ambs. , Cabildo 3200 ,Belgrano, Capital Federal ,21900
804,95, 4 ambs. , av. Corrientes 4800 ,Villa Crespo, Capital Federal ,30000
805,70, 3 ambs. , Av juan de garay 700 ,San Telmo, Capital Federal ,25000
806,74, 3 ambs. , Av. Libertador 5600 ,Belgrano, Capital Federal ,53000
807,120, 4 ambs. , Pasaje Lomas de zamora 2455 ,Villa Devoto, Capital Federal ,50000
808,67, 3 ambs. , Matheu 1200 ,San Cristóbal, Capital Federal ,23000
809,53, 3 ambs. , Acuña de Figueroa al 100 SN ,Almagro, Capital Federal ,25000
810,55, 3 ambs. , Acuña de Figueroa 151 ,Almagro, Capital Federal ,25000
811,70, 4 ambs. , Rivadavia 10400 ,Villa Luro, Capital Federal ,21000
812,60, 3 ambs. , FRANKLIN D. ROOSEVELT 2585 ,Belgrano, Capital Federal ,34000
813,54, 3 ambs. , Nahuel Huapi 4500 ,Villa Urquiza, Capital Federal ,37500
814,96, 3 ambs. , AVENIDA SANTA FE 3968 ,Palermo, Capital Federal ,35000
815,70, 3 ambs. , Terrada 921 ,Flores, Capital Federal ,27000
816,56, 3 ambs. , Yerbal 5126 ,Villa Luro, Capital Federal ,15000
817,67, 3 ambs. , Matheu 1200 ,San Cristóbal, Capital Federal ,23000
818,50, 3 ambs. , Achaval 200 ,Caballito, Capital Federal ,28000
819,80, 3 ambs. , Conesa 776 ,Colegiales, Capital Federal ,60000
820,90, 3 ambs. , Dragones 2200 ,Belgrano, Capital Federal ,1500
821,100, 3 ambs. , Figueroa Alcorta 7184 ,Belgrano, Capital Federal ,60000
822,79, 4 ambs. , San Juan 2190 ,San Cristóbal, Capital Federal ,29000
823,57, 3 ambs. , Tucuman 1600 ,Recoleta, Capital Federal ,18500
824,80, 3 ambs. , AZUCENA VILLA FLOR 500 ,Puerto Madero, Capital Federal ,1400
825,70, 3 ambs. , Curapaligue 60 ,Caballito, Capital Federal ,27000
826,90, 4 ambs. , Valentin Gomez 2600 ,Once, Capital Federal ,28100
827,58, 3 ambs. , Olleros 2454 ,Colegiales, Capital Federal ,26000
828,62, 3 ambs. , juramento 2564 ,Belgrano, Capital Federal ,25000
829,50, 3 ambs. , Rivadavia 5200 ,Caballito, Capital Federal ,27000
830,50, 2 ambs. , ALVAR NUÑEZ 200 ,La Boca, Capital Federal ,14000
831,65, 3 ambs. , Freire 2300 ,Belgrano, Capital Federal ,24900
832,63, 3 ambs. , vidal 2500 ,Belgrano, Capital Federal ,27700
833,60, 3 ambs. , Marcelo t de Alvear 1400 ,Recoleta, Capital Federal ,35000
834,80, 3 ambs. , Gabriela Mistral 2562 ,Villa Pueyrredón, Capital Federal ,33000
835,56, 3 ambs. , Rondeau SN ,Parque Patricios, Capital Federal ,23000
836,52, 3 ambs. , Av entre Rios 1000 1000 ,San Cristóbal, Capital Federal ,22600
837,62, 3 ambs. , andres vallejos 3000 ,Villa Pueyrredón, Capital Federal ,33000
838,55, 3 ambs. , Plaza 3969 ,Saavedra, Capital Federal ,20000
839,45, 3 ambs. , Senillosa 500 ,Caballito, Capital Federal ,18000
840,60, 3 ambs. , corvalan 108 ,Villa Luro, Capital Federal ,20000
841,50, 3 ambs. , C. Ramirez 5800 ,Villa Lugano, Capital Federal ,12000
842,60, 3 ambs. , Cnel. Ramón Falcón 2800 ,Flores, Capital Federal ,26000
843,70, 3 ambs. , cramer 355 ,Colegiales, Capital Federal ,24000
844,49, 3 ambs. , av soldado de la frontera 5100 ,Villa Lugano, Capital Federal ,12900
845,68, 3 ambs. , Patron 5800 ,Villa Luro, Capital Federal ,25800
846,50, 3 ambs. , GUAYAQUIL al 100 ,Caballito, Capital Federal ,22000
847,70, 3 ambs. , Montañeses 1900 ,Belgrano, Capital Federal ,26000
848,40, 2 ambs. , Argerich 2900 ,Villa del Parque, Capital Federal ,21000
849,40, 3 ambs. , Carlos Calvo 600 2° ,San Telmo, Capital Federal ,19000
850,53, 3 ambs. , Yerbal 5126 ,Villa Luro, Capital Federal ,16000
851,62, 3 ambs. , RAMÓN FALCÓN 3400 ,Floresta, Capital Federal ,17500
852,60, 3 ambs. , Salguero 800 ,Palermo, Capital Federal ,30000
853,60, 3 ambs. , Avenida General Paz 13100 9° ,Mataderos, Capital Federal ,16000
854,53, 3 ambs. , Independencia al 4000 ,Boedo, Capital Federal ,18000
855,54, 3 ambs. , Escalada 19 ,Villa Luro, Capital Federal ,17000
856,45, 3 ambs. , Santander 3000 1° ,Flores, Capital Federal ,18000
857,40, 3 ambs. , Castelli 256 ,Balvanera, Capital Federal ,16500
858,44, 3 ambs. , Asunción 3214 ,Villa del Parque, Capital Federal ,19500
859,45, 3 ambs. , Santander 3000 1° ,Flores, Capital Federal ,17000
860,60, 3 ambs. , Membrillar 275 8º E,Flores,Capital Federal,18000
861,50, 3 ambs. , Ciudad de la Paz 2900 ,Belgrano, Capital Federal ,24000
862,56, 3 ambs. , Rivadavia al 4700 ,Caballito, Capital Federal ,17000
863,47, 3 ambs. , Boedo 1707 ,Boedo, Capital Federal ,20000
864,71, 3 ambs. , Achaval 200 ,Caballito, Capital Federal ,33000
865,55, 3 ambs. , Rivadavia 3217 ,Almagro, Capital Federal ,23000
866,46, 3 ambs. , AV. Velez Sarsfield N° al 100 ,Parque Patricios, Capital Federal ,16000
867,56, 3 ambs. , AVDA.GAONA 1300 2,Caballito, Capital Federal ,28000
868,50, 3 ambs. , Tacuari al 2000 ,Barracas, Capital Federal ,19000
869,50, 3 ambs. , Santander 3000 2° ,Flores, Capital Federal ,17000
870,70, 3 ambs. , Andrés Lamas 1947 ,Paternal, Capital Federal ,20000
871,80, 3 ambs. , Av. Directorio al 1300 ,Caballito, Capital Federal ,24500
872,60, 3 ambs. , Nicolas Repetto al 300 ,Caballito, Capital Federal ,20000
873,59, 3 ambs. , Vallejos al 4400 ,Villa Devoto, Capital Federal ,29800
874,53, 3 ambs. , Av. Rivadavia al 4390 ,Caballito, Capital Federal ,21000
875,61, 3 ambs. , Estado de Israel al 4700 ,Villa Crespo, Capital Federal ,25000
876,55, 3 ambs. , Chile al 800 ,San Telmo, Capital Federal ,24000
877,55, 3 ambs. , Zapiola 2300 ,Belgrano, Capital Federal ,30000
878,57, 3 ambs. , lascano 2900 ,Villa del Parque, Capital Federal ,30000
879,65, 3 ambs. , sayos 5684 ,Villa Lugano, Capital Federal ,18000
880,56, 3 ambs. , Mendez de Andes 1793 ,Caballito, Capital Federal ,21000
881,40, 3 ambs. , Mexico 2000 PB ,Balvanera, Capital Federal ,20000
882,46, 3 ambs. , Av. Jujuy 2090 5ºB,Parque Patricios, Parque Patricios ,20000
883,60, 3 ambs. , Panama 900 ,Almagro, Capital Federal ,18000
884,45, 3 ambs. , Santander 3000 1° ,Flores, Capital Federal ,17000
885,55, 3 ambs. , calderon de la barca 1476 ,Monte Castro, Capital Federal ,21000
886,60, 3 ambs. , Salguero 800 ,Almagro, Capital Federal ,20000
887,50, 3 ambs. , Centenera al 600 ,Caballito, Capital Federal ,19000
888,50, 3 ambs. , Habana 4300 ,Villa Devoto, Capital Federal ,20000
889,80, 3 ambs. , Bulnes 1982 ,Palermo, Capital Federal ,32000
890,80, 3 ambs. , Dolores 9 ,Floresta, Capital Federal ,18000
891,54, 3 ambs. , Humberto 1° al 600 ,San Telmo, Capital Federal ,23000
892,60, 3 ambs. , Zabala 1700 ,Belgrano, Capital Federal ,22000
893,50, 3 ambs. , Santiago DEL Estero N° al 1400 ,Constitución, Capital Federal ,14000
894,77, 3 ambs. , Guayaquil 746 ,Caballito, Capital Federal ,25000
895,66, 3 ambs. , Quevedo N° 3700 ,Villa Devoto, Capital Federal ,26500
896,60, 3 ambs. , PADILLA al 600 ,Villa Crespo, Capital Federal ,20000
897,49, 3 ambs. , Bartolome Mitre al 2700 ,Balvanera, Capital Federal ,16000
898,52, 3 ambs. , Rodo 4200 6° ,Floresta, Capital Federal ,15000
899,92, 3 ambs. , Juana Manso 1300 ,Puerto Madero, Capital Federal ,70000
900,53, 3 ambs. , Cabildo 110,Belgrano, Capital Federal ,19000
901,68, 3 ambs. , Baigorria 2900 1° ,Villa del Parque, Capital Federal ,25000
902,64, 3 ambs. , Ramón L Falcón al 5400 ,Villa Luro, Capital Federal ,20000
903,55, 3 ambs. , Migueletes 1800 ,Belgrano, Capital Federal ,23000
904,50, 3 ambs. , Santander 3000 2° ,Flores, Capital Federal ,18000
905,46, 3 ambs. , Boyaca 500 1° ,Caballito, Capital Federal ,18000
906,77, 3 ambs. , Bauness al 2230 8º40,Villa Urquiza, Capital Federal ,27000
907,70, 3 ambs. , Uriburu al 100 ,Congreso, Capital Federal ,20000
908,65, 3 ambs. , Mercedes 3800 ,Villa Devoto, Capital Federal ,22500
909,60, 3 ambs. , Guardia Vieja 4000 ,Almagro, Capital Federal ,35000
910,50, 3 ambs. , Colombres al 900 ,Boedo, Capital Federal ,20000
911,45, 3 ambs. , HONDURAS al 5700 ,Palermo, Capital Federal ,20000
912,74, 3 ambs. , Juana Azurduy al 1600 ,Núñez, Capital Federal ,38000
913,58, 3 ambs. , Thames al 2100 ,Palermo, Capital Federal ,25000
914,45, 3 ambs. , Alberti al 500 ,Balvanera, Capital Federal ,17000
915,78, 3 ambs. , Paraguay al 3500 ,Palermo, Capital Federal ,22000
916,70, 3 ambs. , Martiniano Leguizamon 0 ,Liniers, Capital Federal ,21500
917,117, 3 ambs. , Juana Manso 1500 ,Puerto Madero, Capital Federal ,1300
918,65, 3 ambs. , Ricardo Gutierrez 3300 4° ,Villa del Parque, Capital Federal ,28000
919,65, 3 ambs. , Gaona al 2700 ,Caballito, Capital Federal ,19000
920,48, 3 ambs. , Marcos Paz 3600 2° ,Villa Devoto, Capital Federal ,20000
921,110, 3 ambs. , Torres DEL Yatch 3 AMB Amobaldo Juana Manso 590 Piso 38 ,Puerto Madero, Capital Federal ,120
922,53, 3 ambs. , RIGLOS Y PEDRO GOYENA ,Caballito, Capital Federal ,26000
923,62, 3 ambs. , Armenia 2200 4,Palermo, Capital Federal ,35000
924,52, 3 ambs. , San ireneo 300 ,Caballito, Capital Federal ,26000
925,70, 3 ambs. , O HIGGINS al 1700 ,Belgrano, Capital Federal ,26900
926,53, 3 ambs. , Bogota 2400 ,Flores, Capital Federal ,25000
927,70, 3 ambs. , Padilla 600 ,Villa Crespo, Capital Federal ,24000
928,70, 3 ambs. , Cabello al 3200 ,Palermo, Capital Federal ,450
929,80, 3 ambs. , Junin al 1000 ,Recoleta, Capital Federal ,22000
930,62, 3 ambs. , Av. Asamblea 1132 13º C ,Parque Chacabuco, Capital Federal ,22000
931,52, 3 ambs. , Miro Entre Bonifacio,Caballito, Capital Federal ,25000
932,80, 3 ambs. , MAURE al 2300 ,Belgrano, Capital Federal ,38000
933,51, 3 ambs. , Pacheco al 2200 ,Villa Urquiza, Capital Federal ,26000
934,50, 3 ambs. , JUNCAL 4500 ,Palermo, Capital Federal ,28500
935,60, 3 ambs. , Gorriti al 3400 ,Recoleta, Capital Federal ,22000
936,57, 3 ambs. , Garcia Lorca 20 PB B ,Caballito, Capital Federal ,19000
937,72, 3 ambs. , Av. Diaz Velez 4000 ,Almagro, Capital Federal ,28000
938,62, 3 ambs. , Timoteo Gordillo 100 13° ,Liniers, Capital Federal ,16000
939,83, 3 ambs. , Cerrito al 200,Monserrat, Capital Federal ,19000
940,51, 3 ambs. , AV CABILDO al 200 ,Belgrano, Capital Federal ,21000
941,65, 3 ambs. , Armenia 2200 6,Palermo, Capital Federal ,35000
942,67, 3 ambs. , Godoy Cruz 2900 ,Palermo, Capital Federal ,40000
943,52, 3 ambs. , Santiago DEL Estero al 100 ,Congreso, Capital Federal ,20000
944,56, 3 ambs. , Corrientes al 5600 ,Villa Crespo, Capital Federal ,25000
945,75, 3 ambs. , Franklin D. Roseevelt al 3200 ,Belgrano, Capital Federal ,45000
946,49, 3 ambs. , Matienzo,Palermo, Capital Federal ,25000
947,58, 10 ambs. , Virgilio 1376 ,Monte Castro, Capital Federal ,22000
948,55, 3 ambs. , Juncal al 4500,Palermo, Capital Federal ,29000
949,86, 3 ambs. , Juncal 1200 ,Recoleta, Capital Federal ,25000
950,80, 3 ambs. , borges 2300 ,Palermo, Capital Federal ,30000
951,70, 3 ambs. , Corvalan al 2600 ,Mataderos, Capital Federal ,23000
952,72, 3 ambs. , DOBLAS 100 ,Caballito, Capital Federal ,25000
953,75, 3 ambs. , Ramallo al 1700 ,Núñez, Capital Federal ,45000
954,130, 3 ambs. , Migueletes al 800 ,Palermo, Capital Federal ,2500
955,55, 3 ambs. , Olazabal 5200 2° ,Villa Urquiza, Capital Federal ,25000
956,75, 3 ambs. , Corrientes al 4400 ,Almagro, Capital Federal ,32000
957,100, 4 ambs. , Melincue al 3200 ,Villa del Parque, Capital Federal ,32000
958,50, 3 ambs. , Charcas al 3600 ,Palermo, Capital Federal ,27000
959,65, 3 ambs. , Pedro Ignacio Rivera al 2400 ,Núñez, Capital Federal ,27000
960,90, 3 ambs. , Tucuman 600 ,San Nicolás, Capital Federal ,28500
961,75, 3 ambs. , Peña al 3000 ,Recoleta, Capital Federal ,45000
962,125, 3 ambs. , Felipe Vallese 2751 ,Flores, Capital Federal ,48000
963,75, 3 ambs. , Cerrito al 1500 Piso 16 ,Recoleta, Capital Federal ,28000
964,47, 3 ambs. , AV SAN Martin al 4900 ,Villa del Parque, Capital Federal ,19000
965,50, 3 ambs. , Lemos 83 ,Chacarita, Capital Federal ,20000
966,75, 3 ambs. , Cesar Diaz 4300 10° ,Floresta, Capital Federal ,23000
967,65, 3 ambs. , Jufre al 800 ,Villa Crespo, Capital Federal ,40000
968,80, 3 ambs. , Jorge Luis Borges al 1300 ,Palermo, Capital Federal ,25000
969,93, 3 ambs. , Av.Cabildo 500 ,Palermo, Capital Federal ,38000
970,50, 3 ambs. , B Mitre 1617 ,San Nicolás, Capital Federal ,16000
971,62, 3 ambs. , Conesa al 2500 ,Belgrano, Capital Federal ,35000
972,85, 3 ambs. , Vuelta de Obligado al 4600 ,Núñez, Capital Federal ,38000
973,46, 3 ambs. , Viamonte 2600 ,Balvanera, Capital Federal ,18000
974,90, 3 ambs. , Virrey Arredondo y Arcos ,Belgrano, Capital Federal ,40000
975,62, 3 ambs. , Barzana al 2100 ,Villa Urquiza, Capital Federal ,28000
976,60, 3 ambs. , LASCANO 2800 ,Villa del Parque, Capital Federal ,30000
977,64, 3 ambs. , GUEMES al 4200 ,Palermo, Capital Federal ,25000
978,55, 3 ambs. , Zapiola 2300 ,Belgrano, Capital Federal ,30000
979,80, 3 ambs. , Defensa al 800 ,San Telmo, Capital Federal ,38000
980,56, 3 ambs. , Plaza 2400 ,Coghlan, Capital Federal ,27000
981,110, 4 ambs. , Congreso 2700 ,Coghlan, Capital Federal ,60000
982,125, 3 ambs. , Felipe Vallese 2751 ,Floresta, Capital Federal ,48000
983,60, 3 ambs. , AV Cruz al 6200 ,Villa Lugano, Capital Federal ,18000
984,51, 3 ambs. , Avenida San Juan al 1900 ,San Cristóbal, Capital Federal ,25000
985,120, 3 ambs. , Av. Córdoba 800 ,Retiro, Capital Federal ,23800
986,180, 3 ambs. , Azucena Villaflor 600 ,Puerto Madero, Capital Federal ,200000
987,60, 3 ambs. , OLAYA al 1100 ,Villa Crespo, Capital Federal ,20000
988,66, 3 ambs. , echevarria al 4200 ,Villa Urquiza, Capital Federal ,37000
989,63, 3 ambs. , Mario Bravo al 300 ,Almagro, Capital Federal ,27000
990,75, 3 ambs. , Culpina al 100 ,Flores, Capital Federal ,24000
991,65, 3 ambs. , rocha al 1500 ,Barracas, Capital Federal ,17500
992,131, 3 ambs. , Azucena Villaflor 500 ,Puerto Madero, Capital Federal ,2100
993,57, 3 ambs. , Av Crisologo Larralde al 1900 ,Núñez, Capital Federal ,32000
994,90, 3 ambs. , Juncal 1900 5° ,Recoleta, Capital Federal ,39000
995,80, 3 ambs. , AVELLANEDA al 3200 ,Flores, Capital Federal ,18000
996,75, 3 ambs. , Terrada 921 ,Flores, Capital Federal ,28500
997,70, 3 ambs. , Arce al 200 ,Palermo, Capital Federal ,40000
998,68, 3 ambs. , Humberto Primo al 600 ,San Telmo, Capital Federal ,23000
999,65, 3 ambs. , Bolivia al 3000 ,Villa del Parque, Capital Federal ,35000
1000,100, 3 ambs. , CALLAO AV. 1700 P.B.,Recoleta, Capital Federal ,980
1001,70, 4 ambs. , Departamento Amoblado en Nuñez ,Núñez, Capital Federal ,90000
1002,59, 3 ambs. , Amenabar 2800 ,Belgrano, Capital Federal ,25000
1003,62, 3 ambs. , ciudad de la paz 2211 ,Belgrano, Capital Federal ,28000
1004,55, 3 ambs. , Lascano 2900 ,Villa del Parque, Capital Federal ,30000
1005,65, 3 ambs. , Avellaneda al 2600 ,Flores, Capital Federal ,20000
1006,55, 3 ambs. , Billinghurst 200 ,Almagro, Capital Federal ,20000
1007,60, 3 ambs. , GASCON al 1100 ,Almagro, Capital Federal ,25000
1008,124, 3 ambs. , Gral. Indalecio Chenault 1900 ,Palermo, Capital Federal ,89500
1009,135, 3 ambs. , Azucena Villaflor 500 ,Puerto Madero, Capital Federal ,1900
1010,65, 3 ambs. , Av Roosevelt al 2400 ,Belgrano, Capital Federal ,30000
1011,126, 3 ambs. , Azucena Villaflor 500 ,Puerto Madero, Capital Federal ,2700
1012,50, 3 ambs. , TUCUMAN 900 ,San Nicolás, Capital Federal ,20000
1013,60, 3 ambs. , Bernardo de Yrigoyen al 1300 ,Monserrat, Capital Federal ,25000
1014,110, 3 ambs. , Billinghurst al 2300 ,Recoleta, Capital Federal ,42000
1015,65, 3 ambs. , Charcas al 3500 ,Palermo, Capital Federal ,40000
1016,72, 3 ambs. , av diaz velez 4000 ,Almagro, Capital Federal ,28000
1017,200, 3 ambs. , Juana Manso al 100 ,Puerto Madero, Capital Federal ,2850
1018,82, 3 ambs. , Azcuenaga al 1300 ,Recoleta, Capital Federal ,30000
1019,125, 3 ambs. , Aimé Painé al 1100 ,Puerto Madero, Capital Federal ,5000
1020,60, 3 ambs. , av de los Incas 4400 ,Chacarita, Capital Federal ,25000
1021,50, 3 ambs. , Arévalo al 2900 ,Palermo, Capital Federal ,27000
1022,75, 3 ambs. , Terrada 921 ,Floresta, Capital Federal ,28500
1023,99, 3 ambs. , Republica Arabe Siria al 2900 ,Palermo, Capital Federal ,55000
1024,62, 3 ambs. , Camargo al 700 ,Villa Crespo, Capital Federal ,24500
1025,60, 3 ambs. , Fray Justo Santa María de Oro al 2700 ,Palermo, Capital Federal ,40000
1026,62, 3 ambs. , 25 de mayo al 700 ,Retiro, Capital Federal ,24000
1027,100, 4 ambs. , Amenbar al 1800 ,Belgrano, Capital Federal ,37000
1028,115, 3 ambs. , Av del Libertador al 3500 ,Palermo, Capital Federal ,80000
1029,75, 3 ambs. , Soler 6043 ,Palermo, Capital Federal ,40000
1030,84, 3 ambs. , Tucuman al 900 ,San Nicolás, Capital Federal ,35000
1031,200, 4 ambs. , Av del Libertador al 4900 ,Belgrano, Capital Federal ,1900
1032,94, 3 ambs. , Parera al 100 ,Recoleta, Capital Federal ,40000
1033,85, 3 ambs. , Guemes 3300 ,Palermo, Capital Federal ,100000
1034,80, 3 ambs. , Salta al 1500 ,Constitución, Capital Federal ,18000
1035,60, 3 ambs. , av constituyentes 6264 ,Villa Urquiza, Capital Federal ,22000
1036,65, 3 ambs. , Juncal al 1800 ,Recoleta, Capital Federal ,32000
1037,71, 3 ambs. , Biarritz N° 2328,Villa del Parque, Capital Federal ,27000
1038,145, 3 ambs. , Juana Manso al 500 ,Puerto Madero, Capital Federal ,1500
1039,85, 3 ambs. , Juncal 1100 ,Recoleta, Capital Federal ,50000
1040,90, 3 ambs. , Virrey Arredondo al 2200 ,Belgrano, Capital Federal ,30000
1041,70, 3 ambs. , Guemes 2900 2º ,Recoleta, Capital Federal ,39000
1042,77, 3 ambs. , Av. Las Heras 2500 ,Recoleta, Capital Federal ,38000
1043,140, 3 ambs. , Thames 2161 ,Palermo, Capital Federal ,1200
1044,97, 3 ambs. , Republica Arabe Siria al 2600 ,Palermo, Capital Federal ,36000
1045,58, 3 ambs. , Pico 2300 1° ,Belgrano, Capital Federal ,30000
1046,80, 3 ambs. , Giribone 1100 ,Colegiales, Capital Federal ,70000
1047,105, 3 ambs. , Maure al 1500 ,Palermo, Capital Federal ,45000
1048,75, 4 ambs. , :) ,Caballito, Capital Federal ,32000
1049,56, 3 ambs. , SANTA FE al 4800 ,Palermo, Capital Federal ,27000
1050,50, 3 ambs. , Avenida libertador al 6400 ,Núñez, Capital Federal ,25000
1051,67, 3 ambs. , Av. Callao 1200 ,Recoleta, Capital Federal ,45000
1052,55, 3 ambs. , Abraham J. Luppi al 900 ,Nueva Pompeya, Capital Federal ,15800
1053,86, 3 ambs. , Juan Francisco Segui 4700 ,Palermo, Capital Federal ,95000
1054,48, 3 ambs. , P. I. Rivera 3045 ,Belgrano, Capital Federal ,23500
1055,135, 4 ambs. , Levene al 900 ,Recoleta, Capital Federal ,2400
1056,90, 3 ambs. , LUIS MARIA CAMPOS 1100 ,Palermo, Capital Federal ,29000
1057,70, 3 ambs. , Martiniano Leguizamon 0 ,Liniers, Capital Federal ,22000
1058,90, 3 ambs. , Olga Cossettini 1300 ,Puerto Madero, Capital Federal ,72000
1059,200, 3 ambs. , Av. Salvador María del Carril al 4100 ,Villa Devoto, Capital Federal ,65000
1060,60, 3 ambs. , Arcos 1700 ,Belgrano, Capital Federal ,70000
1061,60, 3 ambs. , Juan Francisco Segui 3578 ,Palermo, Capital Federal ,32000
1062,69, 3 ambs. , Jorge Luis Borges 2100 5ºA ,Palermo, Capital Federal ,60000
1063,45, 3 ambs. , Vuelta de Obligado y Pico ,Núñez, Capital Federal ,30000
1064,88, 3 ambs. , Helguera 2800 9° ,Villa del Parque, Capital Federal ,35000
1065,122, 4 ambs. , Juana Manso al 1500 ,Puerto Madero, Capital Federal ,200000
1066,63, 3 ambs. , Zapata 100 ,Palermo, Capital Federal ,900
1067,200, 3 ambs. , Olga Cossettini al 100 ,Puerto Madero, Capital Federal ,4000
1068,80, 3 ambs. , Olga Cossettini al 1100 ,Puerto Madero, Capital Federal ,65000
1069,83, 3 ambs. , Azucena Villaflor ,Puerto Madero, Capital Federal ,900
1070,60, 3 ambs. , Roosevelt al 1900 ,Belgrano, Capital Federal ,43000
1071,82, 3 ambs. , LAFINUR al 3100 ,Palermo, Capital Federal ,68000
1072,148, 3 ambs. , Julieta Lanteri 1300 ,Puerto Madero, Capital Federal ,2500
1073,128, 3 ambs. , Ramon Castilla 2900 ,Palermo, Capital Federal ,2100
1074,134, 4 ambs. , Parana al 1200 ,Recoleta, Capital Federal ,2250
1075,82, 3 ambs. , Anchorena al 1600 ,Recoleta, Capital Federal ,35000
1076,117, 3 ambs. , Quartier Ocampo ,Palermo, Capital Federal ,2540
1077,52, 3 ambs. , MONROE 3848 ,Belgrano, Capital Federal ,1300
1078,58, 3 ambs. , Teniente General Juan Domingo Peron 1600 ,San Nicolás, Capital Federal ,16000
1079,82, 3 ambs. , av diaz velez 3800 ,Almagro, Capital Federal ,27000
1080,90, 3 ambs. , ARCOS al 1900 ,Belgrano, Capital Federal ,39000
1081,108, 3 ambs. , Castañeda 2020 Piso 9 ,Belgrano, Capital Federal ,2499
1082,80, 3 ambs. , Giribone 1100 ,Chacarita, Capital Federal ,70000
1083,120, 3 ambs. , Ortiz de Ocampo y cabello ,Palermo, Capital Federal ,1900
1084,72, 3 ambs. , Jorge Luis Borges 2100 2ºA ,Palermo, Capital Federal ,56000
1085,55, 3 ambs. , Terrada 921 ,Flores, Capital Federal ,26000
1086,85, 3 ambs. , Guemes al 3300 ,Palermo, Capital Federal ,1100
1087,64, 3 ambs. , Santos Dumont al 2300 ,Colegiales, Capital Federal ,50000
1088,92, 3 ambs. , Torre River View,Puerto Madero, Capital Federal ,160000
1089,90, 4 ambs. , Cerrito al 1300 ,Recoleta, Capital Federal ,49000
1090,96, 3 ambs. , Cramer al 1600 ,Belgrano, Capital Federal ,650
1091,110, 3 ambs. , Arenales al 800 ,Retiro, Capital Federal ,30000
1092,58, 3 ambs. , Vidal 1500 ,Belgrano, Capital Federal ,30000
1093,107, 4 ambs. , JUNCAL al 2200 ,Recoleta, Capital Federal ,46000
1094,80, 3 ambs. , Cabrera,Palermo, Capital Federal ,700
1095,210, 3 ambs. , Macacha Güemes ,Puerto Madero, Capital Federal ,3200
1096,80, 3 ambs. , Jose Hernandez 2000 ,Belgrano, Capital Federal ,36000
1097,193, 5 ambs. , Av. Libertador al 2100 ,Palermo, Capital Federal ,180000
1098,97, 3 ambs. , Güemes 3500 ,Palermo, Capital Federal ,50000
1099,95, 3 ambs. , Av. Libertador al 5400 ,Belgrano, Capital Federal ,120000
1100,80, 4 ambs. , uriarte 2200 ,Palermo, Capital Federal ,50000
1101,60, 3 ambs. , Mansilla al 2900 ,Recoleta, Capital Federal ,30000
1102,76, 3 ambs. , Av. Scalabrini Ortiz 41 ,Villa Crespo, Capital Federal ,25000
1103,75, 3 ambs. , Guemes al 3300 ,Palermo, Capital Federal ,1800
1104,80, 3 ambs. , Juan B Justo al 1000 ,Palermo, Capital Federal ,1400
1105,195, 4 ambs. , Avenida del Libertador al 4900 ,Palermo, Capital Federal ,1900
1106,95, 3 ambs. , Bartolome Mitre 2600 ,Balvanera, Capital Federal ,35000
1107,118, 3 ambs. , Arcos al 1200 ,Belgrano, Capital Federal ,46000
1108,195, 4 ambs. , Avenida del Libertador al 4900 ,Palermo, Capital Federal ,252700
1109,60, 3 ambs. , Libertador al 1100 ,Recoleta, Capital Federal ,29000
1110,70, 3 ambs. , Ruggeri al 2900 ,Palermo, Capital Federal ,1800
1111,145, 3 ambs. , Av. Libertador al 5400 ,Belgrano, Capital Federal ,3500
1112,191, 3 ambs. , Azucena Villaflor al 600 ,Puerto Madero, Capital Federal ,3300
1113,75, 3 ambs. , Corrientes,Villa Crespo, Capital Federal ,45000
1114,67, 3 ambs. , Juncal al 3700 ,Palermo, Capital Federal ,28000
1115,75, 3 ambs. , Guemes al 3300 ,Palermo, Capital Federal ,3200
1116,175, 4 ambs. , Av. del Libertador al 300 ,Retiro, Capital Federal ,3000
1117,78, 3 ambs. , MIGUELETES 1640 ,Belgrano, Capital Federal ,69000
1118,160, 3 ambs. , Av Juana Manso 153 p. 8 ,Puerto Madero, Capital Federal ,3000
1119,80, 3 ambs. , O HIGGINS al 1700 ,Belgrano, Capital Federal ,49900
1120,64, 3 ambs. , Santos Dumont al 2300 ,Palermo, Capital Federal ,50000
1121,59, 3 ambs. , Migueletes al 2300 ,Belgrano, Capital Federal ,28000
1122,70, 3 ambs. , Catalina Marchi al 200 ,Belgrano, Capital Federal ,37000
1123,70, 3 ambs. , Julian Alvarez al 2500 ,Recoleta, Capital Federal ,30000
1124,145, 3 ambs. , Av. Libertador al 5400 ,Belgrano, Capital Federal ,2300
1125,60, 3 ambs. , Av. Córdoba y Uruguay ,Recoleta, Capital Federal ,68000
1126,70, 3 ambs. , Arroyo al 800 ,Retiro, Capital Federal ,1300
1127,124, 3 ambs. , Juana Manso 1150 ,Puerto Madero, Capital Federal ,1600
1128,110, 3 ambs. , Av. Alvear al 1700 ,Recoleta, Capital Federal ,59000
1129,63, 3 ambs. , Mendoza al 5000 ,Villa Urquiza, Capital Federal ,27000
1130,54, 3 ambs. , Aguilar 2390 ,Colegiales, Capital Federal ,36000
1131,120, 3 ambs. , Felipe Vallese 2751 ,Floresta, Capital Federal ,57900
1132,93, 3 ambs. , Castañeda 2020 ,Belgrano, Capital Federal ,2200
1133,75, 3 ambs. , Guemes al 3300 ,Palermo, Capital Federal ,1950
1134,74, 3 ambs. , Uriarte 2363 ,Palermo, Capital Federal ,1200
1135,55, 3 ambs. , Terrada 921 ,Floresta, Capital Federal ,26000
1136,60, 3 ambs. , CIUDAD DE LA PAZ al 2100 ,Belgrano, Capital Federal ,25000
1137,136, 3 ambs. , Macacha Güemes al 300 ,Puerto Madero, Capital Federal ,2500
1138,68, 3 ambs. , DR. PEDRO IGNACIO RIVERA 4785 ,Villa Urquiza, Capital Federal ,36050
1139,200, 3 ambs. , Olga Cossettini al 100 ,Puerto Madero, Capital Federal ,2900
1140,54, 3 ambs. , Alquiler Departamento 3 Ambientes ,Belgrano, Capital Federal ,30000
1141,120, 4 ambs. , QUINTANA MANUEL PRES. AV 80 ,Recoleta, Capital Federal ,50000
1142,75, 3 ambs. , Juncal 4690 ,Palermo, Capital Federal ,1500
1143,148, 3 ambs. , Live Hotel,Palermo, Capital Federal ,2900
1144,58, 3 ambs. , Galicia al 1100 ,Caballito, Capital Federal ,22000
1145,110, 4 ambs. , Congreso 2700 ,Núñez, Capital Federal ,60000
1146,120, 3 ambs. , Felipe Vallese 2751 ,Flores, Capital Federal ,57900
1147,64, 3 ambs. , Santos Dumont al 2300 ,Belgrano, Capital Federal ,50000
1148,70, 3 ambs. , Ruggeri al 2900 ,Palermo, Capital Federal ,55000
1149,59, 3 ambs. , Amenabar 2800 ,Belgrano, Capital Federal ,29000
1150,64, 3 ambs. , GUEMES al 4200 ,Palermo, Capital Federal ,25000
1151,61, 3 ambs. , Pacheco al 2800 ,Villa Urquiza, Capital Federal ,35000
1152,53, 3 ambs. , Scalabrini Ortiz 34 Piso 9 Dpto 17 ,Villa Crespo, Capital Federal ,25000
1153,52, 3 ambs. , O Higgins al 2100 ,Belgrano, Capital Federal ,30000
1154,90, 3 ambs. , Avenida Lacroze al 1800 ,Belgrano, Capital Federal ,50000
1155,78, 3 ambs. , RIVADAVIA 4986 ,Caballito, Capital Federal ,27000
1156,71, 3 ambs. , AV. Rivadavia 4620 ,Caballito, Capital Federal ,35000
1157,75, 3 ambs. , Humboldt 2100 ,Palermo, Capital Federal ,1900
1158,63, 3 ambs. , Navarro al 3400 ,Villa Devoto, Capital Federal ,32000
1159,191, 3 ambs. , Azucena Villaflor al 600 ,Puerto Madero, Capital Federal ,4000
1160,65, 3 ambs. , Beruti al 3400 ,Palermo, Capital Federal ,55000
1161,73, 3 ambs. , SANTA FE AV. 2669 ,Recoleta, Capital Federal ,27000
1162,90, 3 ambs. , Cerviño 4600 ,Palermo, Capital Federal ,200000
1163,90, 3 ambs. , Arenales 3700 7° ,Palermo, Capital Federal ,40000
1164,113, 3 ambs. , Sucre AL al 700 ,Belgrano, Capital Federal ,2000
1165,78, 3 ambs. , ANCHORENA al 1400 ,Recoleta, Capital Federal ,28000
1166,136, 3 ambs. , Excelente 3 Ambientes en Alquiler en Torre LE Parc ,Puerto Madero, Capital Federal ,2700
1167,44, 3 ambs. , Mansilla 2900,Recoleta, Capital Federal ,28000
1168,75, 3 ambs. , Fray Justo Santamaria de Oro al 2900 ,Palermo, Capital Federal ,38000
1169,175, 3 ambs. , Av. del Libertador al 300 ,Recoleta, Capital Federal ,3000
1170,65, 3 ambs. , Conesa al 2100 Entre Juramento y Mendoza ,Belgrano, Capital Federal ,29500
1171,122, 3 ambs. , Juana Manso al 700 ,Puerto Madero, Capital Federal ,2000
1172,190, 3 ambs. , Marta Linch al 400 ,Puerto Madero, Capital Federal ,4000
1173,64, 3 ambs. , Mansilla al 3000 ,Recoleta, Capital Federal ,700
1174,110, 3 ambs. , Ciudad de la Paz 2400 ,Belgrano, Capital Federal ,65000
1175,85, 3 ambs. , Cañada de Gómez 1900 ,Mataderos, Capital Federal ,26000
1176,190, 4 ambs. , Azucena Villaflor al 600 ,Puerto Madero, Capital Federal ,3500
1177,146, 3 ambs. , Av Libertador al 3500 ,Palermo, Capital Federal ,110000
1178,124, 4 ambs. , QUINTANA MANUEL PRES. AV 100 1,Recoleta, Capital Federal ,50000
