Size,Address,Neighborhood,Rent,Price/Mts2
47, ZABALA 1700 ,Belgrano,25000.0,531.9
55, CALLAO Y CORRIENTES 441 ,Balvanera,24000.0,436.4
80, Virrey del Pino 2600 ,Belgrano,31000.0,387.5
49, Napoleon Uriburu 5769 ,Villa Lugano,12900.0,263.3
60, Rosario al 700 ,Caballito,20000.0,333.3
62, RAMÓN FALCÓN 3400 ,Flores,17500.0,282.3
66, Corrientes 5800 ,Villa Crespo,25000.0,378.8
55, Independencia 3177 ,Boedo,18000.0,327.3
110, Libertad al 1300 ,Recoleta,201630.0,1833.0
61, CULLEN 4941 ,Villa Urquiza,50000.0,819.7
50, DEL LIBERTADOR AV al 6200 ,Belgrano,17000.0,340.0
56, Avellaneda 100 ,Caballito,25000.0,446.4
43, BOGOTA 261 ,Caballito,17000.0,395.3
64, AVDA FRANCISCO BEIRO al 4700 ,Villa Devoto,25000.0,390.6
68, Gral Hornos 840 ,Barracas,20000.0,294.1
94, POSADAS 1400 ,Recoleta,38000.0,404.3
65, LACARRA 472 ,Floresta,23000.0,353.8
51, Av. Honorio Pueyrredon 1120 ,Caballito,21000.0,411.8
46, Andres Vallejos 2500 ,Villa Pueyrredón,20000.0,434.8
60, Matheu al 1700 ,Parque Patricios,18000.0,300.0
62, Junin 410 ,Balvanera,24000.0,387.1
60, GORRITI al 3400 ,Recoleta,22000.0,366.7
54, Avenida larrazabal al 100 ,Liniers,23000.0,425.9
60, GORRITI al 3400 ,Palermo,22000.0,366.7
47, Tres Arroyos al 3900 ,Floresta,19500.0,414.9
53, Miller al 2500 ,Villa Urquiza,25000.0,471.7
74, Ruiz Huidobro 2600 ,Núñez,52000.0,702.7
60, aguilar al 2500 ,Belgrano,20000.0,333.3
83, Olga Cossettini 1350. 9*E ,Puerto Madero,73320.0,883.4
118, Av Callao 1500 ,Recoleta,60000.0,508.5
65, Silvio L. Ruggieri al 2900 ,Palermo,60000.0,923.1
53, Avenida Rivadavia al 6200 ,Flores,28000.0,528.3
62, Solano Lopez 3300 1° ,Villa Devoto,35000.0,564.5
60, GASCON al 1100 ,Palermo,25000.0,416.7
110, Juana Manso 500 ,Puerto Madero,125000.0,1136.4
78, MIGUELETES 1640 ,Belgrano,69000.0,884.6
78, MIGUELETES 1640 ,Belgrano,75000.0,961.5
55, Baez 250 ,Palermo,45000.0,818.2
78, MIGUELETES 1640 ,Belgrano,69000.0,884.6
57, Armenia al 2400 ,Palermo,32000.0,561.4
60, GORRITI al 3400 ,Recoleta,22000.0,366.7
69, Luis María Campos 86 6ºC ,Palermo,37000.0,536.2
95, Uriarte al 2200 ,Palermo,50000.0,526.3
86, Avenida Pueyrredon al 1700 ,Recoleta,38000.0,441.9
70, SAN JUAN al 3900 ,Boedo,37000.0,528.6
60, GASCON al 1100 ,Villa Crespo,25000.0,416.7
62, GUISE ,Palermo,35000.0,564.5
65, CORONEL DIAZ al 2100 ,Palermo,30000.0,461.5
50, Bonpland al 1600 ,Palermo,23000.0,460.0
53, Cap. Gral. R. Freire al 2000 ,Belgrano,25000.0,471.7
90, Uriarte 2200 ,Palermo,50000.0,555.6
80, Carlos Calvo al 1800 ,San Cristóbal,26000.0,325.0
100, AV. Cramer 2200 ,Belgrano,67000.0,670.0
60, PASAJE ANCON 5388 ,Palermo,37000.0,616.7
75, Virrey Olaguer Y Feliu 2444 ,Belgrano,58000.0,773.3
50, Fragata Presidente Sarmiento al 1100 ,Caballito,24000.0,480.0
100, Pasco al 1200 ,San Cristóbal,25000.0,250.0
79, Av. Nazca 1830 ,Villa del Parque,28000.0,354.4
95, Uriarte al 2200 ,Palermo,50000.0,526.3
134, Montevideo al 1300 ,Recoleta,128310.00000000001,957.5
80, Semi Piso en Parana al 1000 3 amb con Dependencia de Servicio ,Recoleta,29900.0,373.8
68, Libertad al 1600 ,Recoleta,55000.0,808.8
46, SCALABRINI ORTIZ al 1400 ,Palermo,30000.0,652.2
65, Malabia 2200 ,Palermo,55000.0,846.2
64, Av Rivadavia al 4400 ,Caballito,22000.0,343.8
90, Soldado de la Independencia al 1300 ,Belgrano,53000.0,588.9
61, Cullen al 5000 ,Villa Urquiza,34000.0,557.4
100, Vista al Río ,Puerto Madero,120000.0,1200.0
57, Av. Coronel Diaz al 2000 ,Palermo,32000.0,561.4
80, Pompeya ,Nueva Pompeya,24000.0,300.0
61, AV. FIGUEROA ALCORTA al 3400 ,Palermo,42500.0,696.7
108, San Martín de Tours al 3100 ,Palermo,274950.0,2545.8
100, República de la India al 2900 ,Palermo,140000.0,1400.0
115, AV. LIBERTADOR al 3500 ,Palermo,80000.0,695.7
107, Avenida Alvear 1800 ,Recoleta,110000.0,1028.0
100, Valor paquete con muebles Vista al Río ,Puerto Madero,137475.0,1374.8
73, Salta 1900 ,Constitución,24000.0,328.8
108, San Martín de Tours al 3100 ,Palermo,274950.0,2545.8
100, República de la India al 2900 ,Palermo,140000.0,1400.0
93, Arcos al 1700 ,Belgrano,183300.0,1971.0
95, Gelly 3000 ,Palermo,119145.00000000001,1254.2
76, Moldes al 700 ,Belgrano,40000.0,526.3
100, Avenida Cramer 2200 ,Belgrano,72000.0,720.0
55, Basavilbaso al 1300 ,Retiro,30000.0,545.5
135, SALGUERO al 3000 ,Palermo,183300.0,1357.8
115, AV. LIBERTADOR al 3500 ,Palermo,80000.0,695.7
100, Juana Manso al 400 ,Puerto Madero,119145.00000000001,1191.4
77, Valle al 1000 ,Caballito,38000.0,493.5
59, Gurruchaga 2200 ,Palermo,50000.0,847.5
81, AGUERO al 2300 ,Recoleta,35000.0,432.1
180, av. libertador al 4900 ,Palermo,250000.0,1388.9
50, BULNES al 1100 ,Recoleta,45000.0,900.0
84, Nicaragua 5900 ,Palermo,80000.0,952.4
75, AZCUENAGA al 1400 ,Recoleta,35000.0,466.7
95, Bulnes al 2700 ,Palermo,65000.0,684.2
60, Cerviño al 3900 ,Palermo,40000.0,666.7
65, AMENABAR 3200 ,Núñez,195000.0,3000.0
45, Avellaneda 2548 ,Flores,18000.0,400.0
152, San Blas 2100 ,Villa General Mitre,45000.0,296.1
82, JUNCAL Y LIBERTAD ,Recoleta,100815.0,1229.5
101, REPUBLICA ARABE SIRIA 3300 2,Palermo,60000.0,594.1
52, French 2850 ,Recoleta,53500.0,1028.8
165, AV. DEL Libertador al 300 ,Recoleta,274950.0,1666.4
65,Teodor García 1800,Belgrano,30000.0,461.5
64, DR. PEDRO IGNACIO RIVERA 4785 ,Villa Pueyrredón,36000.0,562.5
74, Moldes 2100 ,Belgrano,38000.0,513.5
191, Azucena Villaflor 669 ,Puerto Madero,366600.0,1919.4
49, Directorio al 900 ,Caballito,18000.0,367.3
60, Gallo al 1200 ,Palermo,32000.0,533.3
80, Juan Maria Gutierrez al 2600 ,Recoleta,35000.0,437.5
283, Florida al 1000 ,Retiro,320775.0,1133.5
78, Concepcion Arenal al 2400 ,Palermo,90000.0,1153.8
191, Azucena Villaflor 669 ,Puerto Madero,320775.0,1679.5
77, Av. Gral. Las Heras al 2400 ,Recoleta,38000.0,493.5
110, Av. Libertador al 900 ,Recoleta,49000.0,445.5
90, Cordoba al 1100 ,San Nicolás,33000.0,366.7
140, Arcos 1700 ,Belgrano,60000.0,428.6
47, Av. Scalabrini Ortiz al 1600 ,Palermo,27000.0,574.5
63, Chenaut al 1900 ,Palermo,45000.0,714.3
83, Avenida Córdoba al 2600 ,Recoleta,29500.0,355.4
85, Av. Jorge Newbery al 3400 ,Chacarita,91650.0,1078.2
120, Mendoza 955 ,Belgrano,82485.0,687.4
149, Juana Manso 1300 ,Puerto Madero,274950.0,1845.3
130, Bv Azucena Villaflor al 550 ,Puerto Madero,140000.0,1076.9
112, Migueletes 800 ,Palermo,183300.0,1636.6
51, AV CABILDO al 200 ,Belgrano,23000.0,451.0
56, Avenida Olazabal 4600 ,Villa Urquiza,35000.0,625.0
53, Arenales al 3400 ,Palermo,32000.0,603.8
55, lascano 2900 ,Villa del Parque,30000.0,545.5
70, Jeronimo Salguero al 1800 ,Palermo,65000.0,928.6
88, Quintana al 500 ,Recoleta,45000.0,511.4
200, Av. del Libertador al 4900 ,Belgrano,174135.0,870.7
115, Juana Manso al 700 ,Puerto Madero,164970.0,1434.5
95, Serrano 800 ,Villa Crespo,46800.0,492.6
60, Cabello y Scalabrini Ortíz ,Palermo,70000.0,1166.7
53, Riglos al 600 ,Caballito,27000.0,509.4
165, AV. DEL Libertador al 300 ,Retiro,274950.0,1666.4
130, Bv Azucena Villaflor al 550 ,Puerto Madero,155805.0,1198.5
60, Remedios Escalada de San Martin 2749 ,Santa Rita,24300.0,405.0
90, Posadas al 1500 ,Recoleta,50000.0,555.6
95, Serrano 800 ,Caballito,46800.0,492.6
95, La Pampa al 700 ,Belgrano,130000.0,1368.4
60, Conesa al 4600 ,Saavedra,42000.0,700.0
180, Avda. Del Libertador al 4900 ,Palermo,174135.0,967.4
110, Arenales al 800 ,Retiro,47383.05,430.8
75, Hipolito Yrigoyen al 2500 ,Monserrat,23000.0,306.7
102, Schiaffino al 2100 ,Recoleta,70000.0,686.3
60, San Isidro Labrador 4600 ,Núñez,35500.0,591.7
175, Clay al 3000 ,Palermo,183300.0,1047.4
67, Av Cramer 2500 ,Belgrano,38000.0,567.2
66, Paraguay al 1400 ,Recoleta,26000.0,393.9
65, Ramon Falcon 2500 ,Flores,43700.0,672.3
93, Coronel Diaz al 1500 ,Palermo,90733.5,975.6
105, Av. Alvear al 1700 ,Recoleta,63000.0,600.0
63, Humboldt 1950 ,Palermo,164970.0,2618.6
170, Demaria 4450 ,Palermo,109980.0,646.9
110, Juana Manso 1500 ,Puerto Madero,119145.00000000001,1083.1
90, Av Cordoba al 1400 ,San Nicolás,26000.0,288.9
250, Loft de Película en Puerto Madero ,Puerto Madero,274950.0,1099.8
56, Ugarteche 3322 ,Palermo,28000.0,500.0
123, Posadas al 1100 ,Recoleta,96000.0,780.5
131, Azucena Villaflor al 500 ,Puerto Madero,192465.0,1469.2
100, Sucre 2020 ,Belgrano,50000.0,500.0
70, Rodriguez Peña al 2000 ,Recoleta,35000.0,500.0
64, Rio de Janeiro al 1000 ,Almagro,30000.0,468.8
119, Posadas al 1100 ,Recoleta,91650.0,770.2
110, Av. Alvear al 1700 ,Recoleta,59000.0,536.4
95, Cerrito al 1500 y Posadas ,Recoleta,35000.0,368.4
113, CONDE al 1900 ,Belgrano,100000.0,885.0
69, Jorge Luis Borges 2100 6ºB ,Palermo,59000.0,855.1
55, Av. Figueroa Alcorta al 3000 ,Palermo,35000.0,636.4
91, Quartier del Polo,Palermo,192465.0,2115.0
154, y Aime Paine ,Puerto Madero,329940.0,2142.5
210, Aime Paine ,Puerto Madero,293280.0,1396.6
106, Ortega Y Gasset 1625 ,Palermo,183300.0,1729.2
70, Av Santa fe al 5300 ,Palermo,40000.0,571.4
219, Juana Manso al 1100 ,Puerto Madero,366600.0,1674.0
162, Alvear al 1500 ,Recoleta,120000.0,740.7
83, Juana Manso al 1300 ,Puerto Madero,119145.00000000001,1435.5
110, Esmeralda 1386 ,Retiro,183300.0,1666.4
70, AV Cramer al 1700 ,Belgrano,137475.0,1963.9
80, Cerviño al 4600 ,Palermo,229125.0,2864.1
89, Quartier Sinclair,Palermo,137475.0,1544.7
156, Esmeralda al 1300 ,Retiro,174135.0,1116.2
184, Libertad al 1600 ,Recoleta,247455.00000000003,1344.9
60, av de los Incas 4400 ,Coghlan,25000.0,416.7
85, CERVIÑO al 4700 ,Palermo,100000.0,1176.5
60, Av Dorrego al 2600 ,Palermo,35000.0,583.3
120, Av. Corrientes 5300 ,Villa Crespo,45000.0,375.0
150, Av. Alvear al 1400 ,Recoleta,100815.0,672.1
170, Ugarteche 2910 ,Recoleta,137475.0,808.7
100, Av. Callao al 1600 ,Recoleta,62500.0,625.0
79, Guatemala 5648 ,Palermo,85000.0,1075.9
100, FIGUEROA ALCORTA PRES. AV. 3000 9,Palermo,119145.00000000001,1191.4
123, Camila O'GORMAN al al 300 ,Puerto Madero,89000.0,723.6
85, Vuelta de Obligado al 4600 ,Núñez,34000.0,400.0
75, Juan B Justo al 1000 ,Palermo,109980.0,1466.4
128, Azucena Villaflor 550 ,Puerto Madero,247455.00000000003,1933.2
100, Republica Arabe Siria al 3300 ,Palermo,60000.0,600.0
125, Libertador al 1100 ,Recoleta,58000.0,464.0
70, AV Cramer al 1700 ,Belgrano,137475.0,1963.9
70, Paraguay al 800 ,Retiro,24000.0,342.9
170, Sinclair al 3200 ,Palermo,229125.0,1347.8
90, Virrey Arredondo al 2200 ,Belgrano,47000.0,522.2
65, Av Libertador al 6700 ,Núñez,45000.0,692.3
160, Cerrito al 1100 ,Recoleta,201630.0,1260.2
125, Aimé Painé al 1100 ,Puerto Madero,458250.0,3666.0
115, Torre Art María Este ,Puerto Madero,100000.0,869.6
120, Cerviño al 4600 ,Palermo,357435.0,2978.6
190, Copernico al 2300 ,Recoleta,229125.0,1205.9
90, Juana Manso 1351 ,Puerto Madero,146640.0,1629.3
140, Pueyrredon al 2400 ,Recoleta,45000.0,321.4
182, Juez Tedin al 3000 ,Palermo,183300.0,1007.1
110, CAVIA 3000 12,Palermo,75000.0,681.8
81, Boulonge Sur Mer 400 ,Once,30000.0,370.4
130, Paraná al 1100 ,Recoleta,65000.0,500.0
130, julieta lanteri al 1300 ,Puerto Madero,274950.0,2115.0
165, Madero Plaza Juana Manso al 1500 ,Puerto Madero,150000.0,909.1
105, Av. Alvear al 1700 ,Recoleta,63000.0,600.0
120, Mendoza 955 ,Belgrano,82485.0,687.4
60, 11 de Septiembre 1630 ,Belgrano,32000.0,533.3
75, Humboldt al 2000 ,Palermo,201630.0,2688.4
184, Macacha güemes al 300 ,Puerto Madero,284115.0,1544.1
90, Virrey del Pino al 2100 ,Belgrano,183300.0,2036.7
210, COPERNICO al 2300 ,Recoleta,183300.0,872.9
91, Güemes 3355 ,Palermo,201630.0,2215.7
80, Azucena Villaflor al 400 ,Puerto Madero,91650.0,1145.6
120, Parera al 100 ,Recoleta,80000.0,666.7
200, Sinclair 3200 ,Palermo,229125.0,1145.6
77, Aime Paine al 1600 ,Puerto Madero,105397.5,1368.8
130, Aime Paine al 1100 ,Puerto Madero,274950.0,2115.0
254, Florida al 1000 ,Retiro,229125.0,902.1
89, Quintana al 400 ,Recoleta,40000.0,449.4
128, Arroyo al 800 ,Retiro,114562.5,895.0
184, Av. Figueroa Alcorta al 3000 ,Palermo,320775.0,1743.3
191, Julieta Lanteri al 1200 ,Puerto Madero,320775.0,1679.5
118, Juana Manso al 100 ,Puerto Madero,192465.0,1631.1
70, Dorrego al 2200 ,Palermo,42000.0,600.0
59, Av. Luis Maria Campos al 400 ,Palermo,48000.0,813.6
68, Beruti al 3500 ,Palermo,55000.0,808.8
76, Uriarte 2300 ,Palermo,100815.0,1326.5
76, ALQUILER DEPTO. RETIRO 3 AMB + DEPENDENCIA C/BAÑO. ,Retiro,28000.0,368.4
63, Demaria al 4500 ,Palermo,100815.0,1600.2
169, Sinclair al 3200 ,Palermo,274950.0,1626.9
130, Oro al 2800 ,Palermo,339105.0,2608.5
197, Trinidad Guevara al 300 ,Puerto Madero,412425.0,2093.5
125, AV DEL LIBERTADOR al 2400 ,Palermo,229125.0,1833.0
160, Cerrito 1100 ,Recoleta,192465.0,1202.9
61, Cullen al 5000 ,Villa Urquiza,36000.0,590.2
125, Libertador al 1100 ,Recoleta,45000.0,360.0
108, Ocampo al 2600 ,Palermo,256620.00000000003,2376.1
123, Esmeralda al 1300 ,Recoleta,118228.50000000001,961.2
130, Ruggieri al 3000 ,Palermo,201630.0,1551.0
78, Juana Manso 1500 5,Puerto Madero,105000.0,1346.2
98, Ortega y Gasset al 1900 ,Palermo,192465.0,1963.9
176, Juana MANSO al al 1100 ,Puerto Madero,229125.0,1301.8
86, Fray Justo Sta. María de 2800 ,Palermo,137475.0,1598.5
130, Avenida Cerviño al 4500 Quartier Polo ,Palermo,256620.00000000003,1974.0
91, Av. Segurola al 4400 ,Villa Devoto,45000.0,494.5
110, Migueletes al 800 ,Palermo,201630.0,1833.0
75, Olazabal al 2200 ,Belgrano,90000.0,1200.0
60, av de los Incas 4400 ,Villa Ortúzar,25000.0,416.7
150, Av. Alvear al 1500 ,Recoleta,183300.0,1222.0
190, Marta Lynch al 400 ,Puerto Madero,366600.0,1929.5
125, Av. del Libertador al 2400 ,Palermo,164970.0,1319.8
91, Av. del Libertador al 5400 ,Palermo,183300.0,2014.3
86, Fray Justo Sta Maria 2800 ,Palermo,229125.0,2664.2
130, Av. del Libertador al 2400 ,Palermo,265785.0,2044.5
180, av. libertador al 4900 ,Palermo,174135.0,967.4
60, Ciudad De La Paz al 1800 ,Belgrano,90000.0,1500.0
80, Guemes 3300 ,Recoleta,293280.0,3666.0
175, Julieta Lantieri al 1200 ,Puerto Madero,293280.0,1675.9
122, LIBERTADOR al 1700 ,Palermo,219960.0,1803.0
130, Avenida Cerviño al 4500 Quartier Polo ,Palermo,229125.0,1762.5
80, Uruguay al 100 ,San Nicolás,35000.0,437.5
115, PACHECO DE MELO JOSE A. 1800 6,Recoleta,91650.0,797.0
92, Escalabrini Ortiz al 3500 ,Palermo,73320.0,797.0
70, Demaría al 4500 ,Palermo,85000.0,1214.3
107, Ramsay al 1800 ,Belgrano,137475.0,1284.8
120, Parera al 100 ,Recoleta,94000.0,783.3
110, Congreso 2700 ,Belgrano,55000.0,500.0
98, Ortega y Gasset al 1900 ,Palermo,192465.0,1963.9
65, RUGGIERI al 2900 ,Palermo,164970.0,2538.0
90, Callao al 1600 ,Recoleta,146640.0,1629.3
170, Córdoba al 5400 ,Palermo,229125.0,1347.8
79, Uriarte al 2300 ,Palermo,109980.0,1392.2
82, Dragones 2200 ,Belgrano,164970.0,2011.8
54, Aguilar 2390 ,Palermo,36000.0,666.7
93, Coronel Diaz al 1500 ,Recoleta,82485.0,886.9
95, Sinclair al 3000 ,Palermo,110000.0,1157.9
123, Camila O'GORMAN al al 400 ,Puerto Madero,210795.0,1713.8
100, Migueletes 800 ,Palermo,274950.0,2749.5
90, Viamonte al 2700 ,Once,37000.0,411.1
100, CALLAO AV. 1600 7,Recoleta,146640.0,1466.4
90, Callao al 1600 ,Recoleta,146640.0,1629.3
115, Cerviño al 3000 ,Palermo,274950.0,2390.9
56, Bulnes al 1900 ,Palermo,40000.0,714.3
92, Callao al 1300 ,Recoleta,40000.0,434.8
75, Guemes al 3300 ,Palermo,178717.5,2382.9
110, Juana Manso 590 Piso 38 Oficina Sup. 120 Mts2 ,Puerto Madero,201630.0,1833.0
161, Juana Manso al 1300 ,Puerto Madero,256620.00000000003,1593.9
95, Parera al 100 ,Recoleta,65000.0,684.2
100, Cerviño y Sinclair,Palermo,160387.5,1603.9
45, Av Cordoba al 1300 ,San Nicolás,18000.0,400.0
95, Sinclair al 3000 ,Palermo,100815.0,1061.2
160, LIBERTADOR al 300 ,Recoleta,274950.0,1718.4
125, Aime Paime al 1100 ,Puerto Madero,504075.00000000006,4032.6
130, Alvear al 1700 ,Recoleta,174135.0,1339.5
110, Torres DEL Yatch 3 AMB Amobaldo Juana Manso 590 Piso 38 ,Puerto Madero,256620.00000000003,2332.9
177, Julieta Lanteri 1200 ,Puerto Madero,293280.0,1656.9
108, Felipe Vallese 2751 ,Floresta,48000.0,444.4
70, Coronel Diaz al 2700 ,Palermo,91650.0,1309.3
82, Av. Córdoba 5400 ,Palermo,100000.0,1219.5
177, Torre El Faro ,Puerto Madero,293280.0,1656.9
95, Sinclair al 3000 ,Palermo,100815.0,1061.2
107, Manso Juana al 500 ,Puerto Madero,137475.0,1284.8
169, Marcelo T de Alvear e/ Uriburu y Junín ,Recoleta,164970.0,976.2
58, Cordoba 5291 ,Palermo,150000.0,2586.2
160, Alvear al 1800 y Callao ,Recoleta,229125.0,1432.0
70, Juana Manso al 1600 ,Puerto Madero,78000.0,1114.3
100, Montevideo 1500 3,Recoleta,55000.0,550.0
200, Copernico al 2300 Duplex Amoblado ,Recoleta,183300.0,916.5
90, Av. Callao al 1400 ,Recoleta,90000.0,1000.0
118, Cerviño al 4500 ,Palermo,229125.0,1941.7
130, Cerviño al 4600 y Oro ,Palermo,229125.0,1762.5
46, Piedras al 1300 ,San Telmo,27000.0,587.0
100, Laprida al 1800 Entre French y Peña ,Recoleta,49000.0,490.0
118, Martha SALOTTI al al 400 ,Puerto Madero,137475.0,1165.0
182, Azucena Villaflor al 500 ,Puerto Madero,320775.0,1762.5
95, Sinclair al 3000 ,Palermo,110000.0,1157.9
85, Niceto Vega 5850 ,Palermo,146640.0,1725.2
120, Del Libertador al 900 y Callao ,Recoleta,57500.0,479.2
115, Posadas al 1100 y Cerrito ,Recoleta,91650.0,797.0
95, Segui 4700 ,Palermo,155805.0,1640.1
120, Migueletes al 800 ,Palermo,229125.0,1909.4
91, Av. Del Libertador 5500 ,Belgrano,76000.0,835.2
100, Ramsay 1800 ,Belgrano,146640.0,1466.4
140, Aimé Painé al 1100 ,Puerto Madero,412425.0,2945.9
152, Juana Manso al 1000,Puerto Madero,245622.00000000003,1615.9
200, sinclair al 3200 ,Palermo,247455.00000000003,1237.3
180, LANTERI JULIETA al 1200 ,Puerto Madero,293280.0,1629.3
128, Azucena Villaflor al 400 ,Puerto Madero,183300.0,1432.0
110, Juana Manso al 400 ,Puerto Madero,119145.00000000001,1083.1
123, Esmeralda al 1300 ,Retiro,100815.0,819.6
78, BULNES al 2700 ,Palermo,155805.0,1997.5
80, Cabrera 3500 1° ,Palermo,35000.0,437.5
62, Quirno al 300 ,Flores,35000.0,564.5
74, Edificio Brisas Torre Juana Manso ,Puerto Madero,128310.00000000001,1733.9
90, Juana Manso al 500 ,Puerto Madero,229125.0,2545.8
172, FIGUEROA ALCORTA al 3700 ,Palermo,201630.0,1172.3
68, Ombu al 2900 ,Palermo,137475.0,2021.7
110, Virrey del Pino al 2100 ,Belgrano,91650.0,833.2
124, Juana Manso 1500 ,Puerto Madero,183300.0,1478.2
106, Av. Juana Manso ,Puerto Madero,109980.0,1037.5
117, Martha SALOTTI al al 400 ,Puerto Madero,183300.0,1566.7
143, Eyle  Petrona al 300  ,Puerto Madero,504075.00000000006,3525.0
78, Azucena Villaflor 300 ,Puerto Madero,128310.00000000001,1645.0
95, Ayacucho al 1500 ,Recoleta,183300.0,1929.5
80, MIGUELETES al 500 ,Palermo,137475.0,1718.4
72, Sinclair al 3200 ,Palermo,119145.00000000001,1654.8
80, Niceto Vega 5800 ,Palermo,114562.5,1432.0
110, Riobamba al 1000 ,Recoleta,80000.0,727.3
110, Juana Manso 500 ,Puerto Madero,123727.50000000001,1124.8
67, Migueletes al 900 ,Palermo,109980.0,1641.5
70, SANTA MARIA DE ORO FRAY JUSTO al 2800 ,Palermo,238290.00000000003,3404.1
130, Villaflor al 500 ,Puerto Madero,201630.0,1551.0
70, RUGGIERI al 2900 ,Palermo,150000.0,2142.9
72, Torres LAS Plazas,Palermo,80000.0,1111.1
145, Martha Lynch al 400 ,Puerto Madero,265785.0,1833.0
70, CORRIENTES 2300 ,San Cristóbal,24200.0,345.7
100, Ruggieri al 2900 ,Palermo,274950.0,2749.5
120, ORO al 2800 ,Palermo,274950.0,2291.2
52, Ciudad de la Paz al 3000 ,Núñez,28500.0,548.1
95, Serrano 800 ,Palermo,46800.0,492.6
192, El Faro. Azucena Villaflor 600. ,Puerto Madero,224000.0,1166.7
135, GODOY CRUZ al 3000 ,Palermo,274950.0,2036.7
107, Ruggeri al 3000 ,Palermo,229125.0,2141.4
95, Avenida Alvear al 1800 ,Recoleta,91650.0,964.7
120, Parera e/ Quintana y Alvear ,Recoleta,94500.0,787.5
144, Marta Lynch al 400 ,Puerto Madero,229125.0,1591.1
120, Julieta Lanteri al 1300 ,Puerto Madero,229125.0,1909.4
135, ALVEAR al 1500 ,Recoleta,146640.0,1086.2
60, Juan de Dios Filiberto al 1000 ,La Boca,35000.0,583.3
90, Juan b Justo al 1000 ,Palermo,109980.0,1222.0
240, MANSO JUANA al 100 ,Puerto Madero,439920.0,1833.0
78, Juramento 2800 10° ,Belgrano,38000.0,487.2
100, Olga Cossettini 1600 ,Puerto Madero,146640.0,1466.4
68, Ruggeri al 2900 ,Palermo,128310.00000000001,1886.9
78, Carlos Pellegrini al 1300 ,Recoleta,183300.0,2350.0
95, Godoy Cruz al 2900 ,Palermo,183300.0,1929.5
95, AV SANTA FE al 1900 ,Recoleta,65000.0,684.2
85, Azcuenaga 1500 ,Recoleta,119145.00000000001,1401.7
130, Ayacucho al 1900 ,Recoleta,247455.00000000003,1903.5
133, MANSO JUANA al 100 ,Puerto Madero,320775.0,2411.8
95, Serrano 800 ,Colegiales,46800.0,492.6
90, Juan b Justo al 1000 ,Palermo,146640.0,1629.3
50, Valentín Gómez 3600 ,Almagro,21000.0,420.0
124, Juana Manso 1150 ,Puerto Madero,100815.0,813.0
175, Guemes Macacha al 300 ,Puerto Madero,302445.0,1728.3
150, Petrona Eyle al 300 ,Puerto Madero,320775.0,2138.5
66, Azucena Maizani 395 ,Puerto Madero,95000.0,1439.4
191, Julieta Lanteri al 1200 ,Puerto Madero,320775.0,1679.5
110, Congreso 2700 ,Belgrano,60000.0,545.5
84, Azcuénaga y French ,Palermo,137475.0,1636.6
132, Av del Libertador al 2400 ,Palermo,265785.0,2013.5
132, Av del Libertador al 2400 ,Palermo,201630.0,1527.5
65, CABELLO al 3400 ,Palermo,63000.0,969.2
55, Zapiola 2300 ,Belgrano,30000.0,545.5
65, Juncal 4500 ,Palermo,60000.0,923.1
75, corrientes 4900 ,Villa Crespo,29000.0,386.7
90, Juana Manso 1351 ,Puerto Madero,146640.0,1629.3
150, Alvear 1500 e/ y Montevideo ,Recoleta,183300.0,1222.0
52, Paraguay 3604 ,Palermo,87067.5,1674.4
145, Juana Manso al 100 ,Puerto Madero,229125.0,1580.2
113, CLAY al 3000 ,Palermo,229125.0,2027.7
120, Rosario Vera Peñaloza al 500 ,Puerto Madero,250000.0,2083.3
64, GUEMES al 4200 ,Palermo,25000.0,390.6
95, Serrano 800 ,Almagro,46800.0,492.6
152, Martha Salotti al 500 ,Puerto Madero,274950.0,1808.9
100, Rodríguez Peña 1800 ,Recoleta,109980.0,1099.8
122, ARROYO al 1100 ,Recoleta,169552.5,1389.8
140, Ayacucho 1800 7,Recoleta,164970.0,1178.4
95, Serrano 800 ,Caballito,46800.0,492.6
60, Arroyo al 800 ,Recoleta,229125.0,3818.8
70, Libertador al 5700 ,Belgrano,137475.0,1963.9
140, Pueyrredon al 2400 ,Recoleta,91650.0,654.6
145, Juana Manso al 100 ,Puerto Madero,192465.0,1327.3
80, Mario bravo 1200 ,Palermo,35000.0,437.5
63, Dorrego 2700 ,Palermo,40000.0,634.9
60, H.Pueyrredon 700 ,Palermo,30346.0,505.8
98, Laprida al 1800 ,Recoleta,49000.0,500.0
95, Serrano 800 ,Chacarita,46800.0,492.6
46, Aguilar 2800 6° ,Colegiales,22000.0,478.3
140, Pueyrredon al 2400 ,Recoleta,45000.0,321.4
88, Scalabrini Ortiz al 2900 ,Palermo,48000.0,545.5
70, Santa Fe al 4900 ,Palermo,201630.0,2880.4
55, ÁNGEL J. CARRANZA 2300 ,Palermo,24000.0,436.4
128, Azucena Villaflor al 400 ,Puerto Madero,150000.0,1171.9
81, Guemes 3355 ,Palermo,201630.0,2489.3
78, Bolivar al 1000 ,San Telmo,28000.0,359.0
89, Quintana al 400 ,Recoleta,40000.0,449.4
65, Anchorena 1600 ,Recoleta,40000.0,615.4
95, Serrano 800 ,Almagro,52000.0,547.4
53, Nazarre al 2600 ,Villa del Parque,27000.0,509.4
60, OLAYA al 1100 ,Caballito,20000.0,333.3
110, Congreso 2700 ,Belgrano,60000.0,545.5
64, DR. PEDRO IGNACIO RIVERA 4785 ,Villa Ortúzar,36000.0,562.5
120, Posadas al 1100 ,Recoleta,59000.0,491.7
56, MANSILLA 2600 ,Recoleta,28000.0,500.0
117, DEL LIBERTADOR AV. 900 4,Recoleta,68000.0,581.2
117, QUARTIER ORO al 100 ,Palermo,210795.0,1801.7
105, Av. Puerredon 2400 ,Recoleta,45000.0,428.6
78, Peru al 800 ,San Telmo,50000.0,641.0
60, H.Pueyrredon 700 ,Almagro,30346.0,505.8
70, CORRIENTES 2300 ,Once,24200.0,345.7
74, Moldes 2100 ,Belgrano,38000.0,513.5
90, Juncal al 1300 ,Recoleta,30000.0,333.3
75, Cabrera al 3900 ,Palermo,70000.0,933.3
60, H.Pueyrredon 700 ,Flores,30346.0,505.8
55, Mario Bravo 1111 ,Almagro,23000.0,418.2
64, DR. PEDRO IGNACIO RIVERA 4785 ,Belgrano,36000.0,562.5
100, LIBERTAD 735 ,San Nicolás,40000.0,400.0
230, Santos Dumont 3400 ,Colegiales,256620.00000000003,1115.7
80, Riobamba 1100 4° ,Recoleta,40000.0,500.0
110, Congreso 2700 ,Belgrano,60000.0,545.5
97, Bolivar al 800 ,San Telmo,30000.0,309.3
100, Av. Quintana 100 6,Recoleta,70000.0,700.0
106, POSADAS 1100 25,Recoleta,90000.0,849.1
70, julian alvarez 300 ,Paternal,30492.0,435.6
80, Mario bravo 1200 ,Recoleta,35000.0,437.5
66, sucre 2970 ,Belgrano,35000.0,530.3
60, H.Pueyrredon 700 ,Agronomía,30346.0,505.8
76, Guemes al 3300 ,Recoleta,140000.0,1842.1
60, H.Pueyrredon 700 ,Caballito,30346.0,505.8
70, julian alvarez 300 ,Caballito,30000.0,428.6
70, CORRIENTES 2300 ,San Nicolás,24200.0,345.7
80, Mario bravo 1200 ,Recoleta,35000.0,437.5
124, Azucena Villaflor 450 ,Puerto Madero,229125.0,1847.8
60, H.Pueyrredon 700 ,Chacarita,30346.0,505.8
130, Avda. del Libertador 7324 ,Núñez,50000.0,384.6
80, Av. Corrientes 2900 ,Balvanera,33000.0,412.5
150, Juana Manso al 100 ,Puerto Madero,201630.0,1344.2
57, Juncal al 4500 ,Palermo,29000.0,508.8
220, Sucre al 700 ,Belgrano,384930.0,1749.7
100, Callao 1600 ,Recoleta,120000.0,1200.0
140, Pueyrredon al 2400 ,Recoleta,91650.0,654.6
70, Avellaneda al 2000 ,Flores,22000.0,314.3
65, Silvio Ruggieri 2900 ,Palermo,128310.00000000001,1974.0
70, CORRIENTES 2300 ,Congreso,30000.0,428.6
76, ALQUILER DEPTO. BARRIO NORTE 3 AMB + DEPENDENCIA C ,Recoleta,28000.0,368.4
120, Parera al 100 ,Recoleta,80000.0,666.7
70, CORRIENTES 2300 ,Almagro,30492.0,435.6
60, H.Pueyrredon 700 ,Paternal,30346.0,505.8
116, Camila O Gorman 400 ,Puerto Madero,229125.0,1975.2
55, DELGADO 588 ,Colegiales,25000.0,454.5
89, Riobamba 900 ,Recoleta,164970.0,1853.6
107, Cerrito 1100 ,Retiro,91650.0,856.5
60, av de los Incas 4400 ,Colegiales,25000.0,416.7
131, AZUCENA VILLAFLOR 500 ,Puerto Madero,247455.00000000003,1889.0
60, av de los Incas 4400 ,Agronomía,25000.0,416.7
110, Av del Libertador al 3500 ,Palermo,37500.0,340.9
78, UGARTECHE 3000 9,Palermo,55000.0,705.1
90, Libertad 1300 ,Recoleta,155805.0,1731.2
124, Azucena Villaflor 450 ,Puerto Madero,183300.0,1478.2
170, Teodoro Garcia 1700 ,Belgrano,183300.0,1078.2
60, Lavalle 1700 ,San Nicolás,21000.0,350.0
95, Serrano 800 ,Palermo,46800.0,492.6
110, Camila O'Gorman 373 ,Puerto Madero,164970.0,1499.7
125, AIME PAIME al al 1100 ,Puerto Madero,458250.0,3666.0
128, Le Parc Puerto Madero  Azucena Villaflor 400  ,Puerto Madero,256620.00000000003,2004.8
150, AVENIDA DEL LIBERTADOR al 3500 ,Palermo,95000.0,633.3
98, Guemes al 3300 ,Recoleta,180000.0,1836.7
75, Carlos Pellegrini 1300 ,Recoleta,128310.00000000001,1710.8
60, av de los Incas 4400 ,Paternal,25000.0,416.7
65, Estados Unidos al 700 ,San Telmo,25000.0,384.6
135, ALVEAR 1500 6,Recoleta,164970.0,1222.0
63, Arenales al 3400 ,Recoleta,26000.0,412.7
100, Republica Arabe Siria al 3300 ,Recoleta,60000.0,600.0
88, Olga Cossettini 1100 ,Puerto Madero,155805.0,1770.5
145, Juana Manso al 100 ,Puerto Madero,210795.0,1453.8
97, Cerviño al 3600 ,Palermo,155805.0,1606.2
117, Camila O' Gorman 300,Puerto Madero,238290.00000000003,2036.7
70, Cabello 3400 E/paunero y Salguero,Recoleta,137475.0,1963.9
50, Jorge Luis Borges 1800 ,Palermo,40000.0,800.0
60, Olazabal 3400 ,Belgrano,27000.0,450.0
80, Guemes al 3300 ,Palermo,293280.0,3666.0
214, Pierina Dealessi al 500 ,Puerto Madero,366600.0,1713.1
87, Bulnes al 2700 ,Palermo,164970.0,1896.2
54, Aguilar 2390 ,Belgrano,36000.0,666.7
66, Sanchez de Bustamante al 2300 ,Recoleta,26000.0,393.9
70, julian alvarez 300 ,Chacarita,24200.0,345.7
68, REPUBLICA ARABE SIRIA 3200 ,Palermo,50000.0,735.3
72, TUCUMAN 1536 ,San Nicolás,22000.0,305.6
60, Catamarca 500 ,Balvanera,25000.0,416.7
55, Av. Figueroa Alcorta 3000 ,Palermo,32000.0,581.8
62, OLAYA al 1100 ,Caballito,24200.0,390.3
75, Juncal 4690 ,Palermo,80000.0,1066.7
70, CORRIENTES 2300 ,Recoleta,24200.0,345.7
61, av Las Heras 2024 ,Recoleta,40000.0,655.7
61, VUELTA DE OBLIGADO al 1400 ,Belgrano,35000.0,573.8
62, OLAYA al 1100 ,Villa Crespo,24200.0,390.3
100, Migueletes 800 ,Palermo,274950.0,2749.5
78, Arce al 400 ,Palermo,30000.0,384.6
90, Av. Nazca 1830 ,Villa del Parque,28000.0,311.1
60, Quintana al 500 ,Recoleta,137475.0,2291.2
38, AV. CORRIENTES al 1200 ,San Nicolás,24000.0,631.6
200, Repùblica de la India al 3000 ,Palermo,348270.0,1741.4
60, H.Pueyrredon 700 ,Villa Crespo,30346.0,505.8
70, CORRIENTES 2300 ,Balvanera,30000.0,428.6
80, Avenida Martin Comodoro Rivadavia 2360 ,Núñez,100000.0,1250.0
42, Avenida Callao al 700 ,Recoleta,19000.0,452.4
55, Quintana al 200 ,Recoleta,34000.0,618.2
67,  LUIS MARIA CAMPOS 86,Palermo,27500.0,410.4
75, corrientes 4900 ,Palermo,29000.0,386.7
60, Av Los Incas 5153 ,Parque Chas,28000.0,466.7
70, julian alvarez 300 ,Once,24200.0,345.7
135, Pueyrredon 2400 ,Recoleta,108147.0,801.1
114, AV. ALVEAR al 1700  ,Recoleta,183300.0,1607.9
107, Cerrito 1100 ,Recoleta,91650.0,856.5
55, CORONEL DIAZ 2489 ,Recoleta,30000.0,545.5
65, AVENIDA BELGRANO 1469 ,Monserrat,24000.0,369.2
70, Concepción Arenal al 2700 ,Palermo,55000.0,785.7
150, Olga Cossettini 1500 ,Puerto Madero,320775.0,2138.5
50, Pueyrredon 740 ,Balvanera,35000.0,700.0
80, Scalabrini Ortiz al 2700 ,Palermo,27000.0,337.5
70, Parana 1100 7° ,Recoleta,35000.0,500.0
146, San Blas 2100 ,Villa General Mitre,45000.0,308.2
185, Macacha guemes al 300 ,Puerto Madero,540735.0,2922.9
87, Av Pueyrredón al 1700 ,Recoleta,42000.0,482.8
57, Ancon y Av. Dorrego ,Palermo,35000.0,614.0
46, SCALABRINI ORTIZ al 1400 ,Palermo,30000.0,652.2
60, Av. Juan de Garay al 500 ,San Telmo,20000.0,333.3
117, Martha SALOTTI al al 400 ,Puerto Madero,137475.0,1175.0
60, Guardia Vieja ,Almagro,36000.0,600.0
75, Honorio Pueyrredon 843 ,Caballito,32000.0,426.7
114,Avd. Alvear 1700,Recoleta,183300.0,1607.9
51, Republica De Eslovenia 100 ,Palermo,42000.0,823.5
70, Bo. Olímpico ,Villa Lugano,18000.0,257.1
80, Pacheco de Melo Jose A. al 2000 ,Recoleta,36000.0,450.0
190, Azucena Villaflor al 600 ,Puerto Madero,250000.0,1315.8
75, AZCUENAGA al 1400 ,Recoleta,35000.0,466.7
90, JUAN FRANCISO SEGUI al 4600 ,Palermo,160000.0,1777.8
90, Cerrito 1500 E/posadas y DEL Libertador ,Recoleta,45000.0,500.0
51, Republica De Eslovenia 1900 ,Palermo,42000.0,823.5
75, Marcelo Torcuato de Alvear al 2000 ,Recoleta,36000.0,480.0
72, Sinclair al 3200 ,Palermo,119145.00000000001,1654.8
80, Esmeralda al 900 ,Retiro,36000.0,450.0
115, Lola Mora al 400 ,Puerto Madero,125000.0,1087.0
71, Honorio Pueyrredon al 800 ,Caballito,32000.0,450.7
182, Azucena Villaflor al 500 ,Puerto Madero,320775.0,1762.5
65, O´HIGGINS al 2100 ,Belgrano,30000.0,461.5
80, Corvalán 900 3 Ambs al Frente Cochera Movil ,Mataderos,22000.0,275.0
139, LYNCH MARTA al 400 ,Puerto Madero,458250.0,3296.8
61, Laprida al 1300 ,Recoleta,32000.0,524.6
70, Juncal 3500 ,Recoleta,38500.0,550.0
60,Ramón Falcón 2600,Flores,20000.0,333.3
70, Juncal 3500 ,Palermo,38500.0,550.0
66, Charcas al 4700 ,Palermo,50000.0,757.6
87, Juan B Justo al 1000 ,Palermo,146640.0,1685.5
45, MORENO al 2900 ,Balvanera,25000.0,555.6
55, Edificio 6. Columna 2. 9no piso B. ,Villa Riachuelo,14000.0,254.5
62, JUNIN 400 ,Almagro,25000.0,403.2
50, Ayacucho 369 ,Congreso,22000.0,440.0
62, Sarmiento al 3800 ,Almagro,23000.0,371.0
97, FRENCH 2242 ,Recoleta,60000.0,618.6
54, AGUILAR 2600 ,Belgrano,45000.0,833.3
54, LARRAZABAL 100,Liniers,23000.0,425.9
60, Peña 2700 ,Recoleta,25000.0,416.7
148, 11 DE SEPTIEMBRE DE 1888 al 1600 ,Belgrano,229125.0,1548.1
35, Hidalgo 300 2° ,Caballito,14500.0,414.3
52, pueyrredon 700 ,Caballito,30000.0,576.9
53, Velez Sarsfield 161 ,Barracas,17000.0,320.8
57, CARRANZA 1400 ,Palermo,25000.0,438.6
50, DIRECTORIO 4200 ,Parque Avellaneda,15500.0,310.0
54, Venezuela 1800 ,Congreso,18500.0,342.6
45, Monroe 4870 ,Villa Urquiza,21000.0,466.7
50, Armenia 2152 ,Palermo,25300.0,506.0
95, Juan Maria Gutierrez 3900 ,Palermo,75000.0,789.5
60, JULIAN ALVAREZ 2100 ,Palermo,36000.0,600.0
67, Republica de la India al 3000 ,Palermo,36000.0,537.3
130, Av. Pueyrredon 2458 ,Recoleta,82485.0,634.5
90, OLGA COSSETTINI 1300 ,Puerto Madero,75000.0,833.3
58, Montevideo al 1100 ,Recoleta,15000.0,258.6
72, Arenales al 1900 ,Recoleta,45000.0,625.0
65, corrientes 2100 ,San Cristóbal,22000.0,338.5
60, Bolivar al 400 ,Monserrat,30000.0,500.0
208, Macacha Güemes al 300 Madero Center ,Puerto Madero,412425.0,1982.8
75, AV PUEYRREDON 700,Balvanera,26000.0,346.7
67, JUNCAL 2166 ,Recoleta,35000.0,522.4
70, Asamblea al 1100 ,Parque Chacabuco,22000.0,314.3
184, Macacha Güemes al 300 ,Puerto Madero,339105.0,1843.0
62, Quintino Bocayuva 900 ,Boedo,27000.0,435.5
140, Ayacucho al 1800 ,Recoleta,174135.0,1243.8
184, Macacha Güemes al 300 Madero Center ,Puerto Madero,311610.0,1693.5
184, Macacha Güemes al 300 ,Puerto Madero,311610.0,1693.5
85, AV DE LA PLATA 279 ,Caballito,33000.0,388.2
105, Av. Puerredon 2400 ,Recoleta,45000.0,428.6
65, LA PAMPA 5021 ,Villa Urquiza,33000.0,507.7
70, julian alvarez 300 ,Colegiales,30492.0,435.6
55, ECHEVERRIA al 5800 ,Villa Urquiza,25000.0,454.5
55, Bauness 2000 2° ,Villa Urquiza,26000.0,472.7
55, Av.Triunvirato 3600 ,Parque Chas,20000.0,363.6
80, Paraná 1030 ,Recoleta,26000.0,325.0
3, MORENO al 2900 ,Balvanera,25000.0,8333.3
168, marta salotti 500 ,Puerto Madero,320775.0,1909.4
76, Agüero 1862 ,Recoleta,38000.0,500.0
80, Av. Corrientes 2900 ,Balvanera,27900.0,348.8
180, FIGUEROA ALCORTA PRES. AV. 3700 6,Palermo,201630.0,1120.2
70, Independencia al 1800 ,Monserrat,26000.0,371.4
70, Arroyo y Suipacha 000 ,Retiro,229125.0,3273.2
80, Arroyo y Suipacha 000 ,Retiro,238290.00000000003,2978.6
45, Av. Velez Sarfield 161 ,Parque Patricios,17000.0,377.8
57, Avenida San Martin al 5000 ,Villa del Parque,27000.0,473.7
72, Arenales al 1900 ,Recoleta,45000.0,625.0
63, Venezuela 2061 ,Balvanera,24000.0,381.0
56, ACOYTE 600 ,Caballito,27000.0,482.1
78, DORREGO AV. 1800 8,Palermo,45000.0,576.9
60, Helguera 350 ,Flores,21500.0,358.3
70, CAMACUA al 300 ,Flores,27000.0,385.7
60, Juramento 5200 2° ,Villa Urquiza,27000.0,450.0
53, Uriarte 2400 PB ,Palermo,35000.0,660.4
65, RIGLOS al 700 ,Caballito,35000.0,538.5
60, Montevideo 300 ,Congreso,20000.0,333.3
60, Av Santa Fe 3721 ,Palermo,59000.0,983.3
181, Florida 1000 ,Retiro,85000.0,469.6
80, BERUTI 3000 2,Recoleta,32000.0,400.0
44, Melian 3200 ,Coghlan,19500.0,443.2
133, CALLAO AV. 1500 7,Recoleta,78000.0,586.5
60, av de los Incas 4400 ,Villa Urquiza,25000.0,416.7
60, av de los Incas 4400 ,Belgrano,25000.0,416.7
44, Zabala 1700 ,Belgrano,23000.0,522.7
100, Cabello 3200 ,Palermo,48000.0,480.0
70, julian alvarez 300 ,Palermo,24200.0,345.7
84, Montañeses 3150 ,Núñez,137475.0,1636.6
72, Olazabal 5400 ,Villa Urquiza,29800.0,413.9
65, CRISOLOGO LARRALDE 2400 ,Núñez,50000.0,769.2
76, Agüero 1862 ,Recoleta,38000.0,500.0
72, Julian Alvarez 1800 ,Palermo,37000.0,513.9
53, Agüero 1500 ,Recoleta,25000.0,471.7
78, Chacabuco 500 ,Monserrat,22000.0,282.1
78, Av Santa Fe 2700 ,Recoleta,35000.0,448.7
67, CAMARGO al 1100 ,Villa Crespo,22000.0,328.4
85, Tuyu 100 1° ,Liniers,22000.0,258.8
60, av de los Incas 4400 ,Parque Chas,20000.0,333.3
70, Otamendi 0 ,Caballito,21000.0,300.0
63, av. santa fe 4800 ,Palermo,25000.0,396.8
53, Av. San Juan al 3800 ,Boedo,25000.0,471.7
50, Malabia 2400 ,Palermo,32000.0,640.0
65, Billinghurst 1835 ,Recoleta,33000.0,507.7
57, HORTIGUERA 664 ,Caballito,35000.0,614.0
70, julian alvarez 300 ,Villa Crespo,24200.0,345.7
58, Felipe Vallese 400 18° ,Caballito,33000.0,569.0
80, Paraná 1000 ,Recoleta,26000.0,325.0
78, LARREA 864 ,Recoleta,27000.0,346.2
60, Helguera 350 ,Flores,21500.0,358.3
74, SOLDADO DE LA INDEPENDENCIA al 1400 ,Belgrano,28000.0,378.4
70, FONROUGE al 200 ,Liniers,36660.0,523.7
49, Quince de Noviembre 1400 ,Constitución,16000.0,326.5
56, AV. DORREGO al 2600 ,Palermo,35000.0,625.0
47, Vidal 2400 7° ,Belgrano,27000.0,574.5
59, FIGUEROA ALCORTA PRES. AV. 3000 3,Palermo,40000.0,678.0
70, julian alvarez 300 ,Almagro,24200.0,345.7
69, José Antonio Cabrera al 3900 Piso 9° ,Palermo,39500.0,572.5
78, Manuela Pedraza 2010 ,Núñez,50000.0,641.0
60, pedro lozano 2939 ,Villa del Parque,30000.0,500.0
71, acha 1653 ,Villa Urquiza,35000.0,493.0
43, Humberto I 1308 ,Constitución,14500.0,337.2
70, martiniano leguizamon 100 ,Liniers,36000.0,514.3
60, Helguera 350 ,Flores,21500.0,358.3
60, GARCIA DE COSSIO al 6800 ,Liniers,18000.0,300.0
60, O Higgins 2100 ,Belgrano,21000.0,350.0
130, Quintana 80 ,Recoleta,40000.0,307.7
55, Cordoba 2448 ,Recoleta,22000.0,400.0
53, ARRIBEÑOS al 2200 ,Belgrano,22000.0,415.1
55, RIVADAVIA AV 8012 ,Floresta,15880.0,288.7
37, Santiago de las Carreras 45 ,Floresta,16000.0,432.4
84, Ramón L. Falcón 2500 ,Flores,18000.0,214.3
110, MAIPú 700 5,San Nicolás,23500.0,213.6
70, MORENO 786 ,Monserrat,17500.0,250.0
70, Aime Paine 1635 ,Puerto Madero,45000.0,642.9
70, JosÉ Pedro Varela 4300 ,Villa Devoto,28000.0,400.0
62, EL SALVADOR 5512 ,Palermo,25000.0,403.2
65, bonifacio 2300 ,Flores,17900.0,275.4
65, Rodriguez Peña 110 ,Congreso,21000.0,323.1
70, MURGUIONDO al 1500 ,Liniers,17000.0,242.9
54, Avellaneda 1000 ,Caballito,32000.0,592.6
80, Juncal 2200 ,Recoleta,25000.0,312.5
80, AZARA al 600 ,Barracas,22500.0,281.2
63, BULNES 1800 5,Palermo,32000.0,507.9
50, av escalada 37 ,Villa Luro,15000.0,300.0
50, Santiago del estero 1000 ,Monserrat,18000.0,360.0
62, SANTOS DUMONT 2719 ,Colegiales,24000.0,387.1
71, Vuelta de Obligado 4200 ,Núñez,29000.0,408.5
54, VALENTIN GOMEZ 3300 ,Almagro,20000.0,370.4
70, Av. Pedro Goyena 600 ,Caballito,30000.0,428.6
60, AV.ALBERDI J.B. al 7200 ,Mataderos,18000.0,300.0
65, alberdi 2600 ,Flores,21000.0,323.1
55, falcon 2600 ,Flores,16900.0,307.3
80, Lemos 200 ,Chacarita,36000.0,450.0
60,JUAN B.  JUSTO 2225,Villa Crespo,20000.0,333.3
52, Paraguay 3604 ,Palermo,34000.0,653.8
58, VEDIA al 1600 ,Núñez,29000.0,500.0
54, BONPLAND al 2200 ,Palermo,30000.0,555.6
50, CABILDO 4276 ,Núñez,19000.0,380.0
58, Emilio Lamarca 3100 ,Villa del Parque,23000.0,396.6
75, PICHINCHA 1300 ,San Cristóbal,20000.0,266.7
44, Escalada 1000 8° ,Monte Castro,14000.0,318.2
70, senillosa 1900 ,Parque Chacabuco,21900.0,312.9
54, Miralla 2200 ,Mataderos,20000.0,370.4
56, Jose Pedro Varela 4128 ,Villa Devoto,20000.0,357.1
85, Caseros 900 ,Barracas,23000.0,270.6
50, Avenida de los Incas 3900 ,Villa Urquiza,24000.0,480.0
55, Gral paz 8310 8310 ,Villa Devoto,17500.0,318.2
57, AMENABAR al 2800 ,Belgrano,19000.0,333.3
80, BRASIL al 100 ,Barracas,18000.0,225.0
64, Av saenz 400 ,Parque Patricios,20000.0,312.5
55, Nueva York 3393 ,Villa Devoto,21000.0,381.8
68, San Nicolas 4236 ,Villa Devoto,27000.0,397.1
50, VUELTA DE OBLIGADO 2450 ,Belgrano,22000.0,440.0
67, CNEL RAMON L. FALCON 2495 ,Flores,20000.0,298.5
34, Espinosa 2232 ,Paternal,18900.0,555.9
60, Av Directorio 600 ,Caballito,27000.0,450.0
55, Av Mosconi 2836 ,Villa Pueyrredón,21000.0,381.8
41, Av. Independencia 4000 ,Almagro,19500.0,475.6
50, Rivera indarte 181 ,Flores,26000.0,520.0
50, AMENABAR 3220 ,Belgrano,26999.0,540.0
45, Alberti 1600 ,San Cristóbal,15500.0,344.4
60, Av Australia 2942 ,Barracas,20000.0,333.3
51, DIRECTORIO 126 ,Caballito,22000.0,431.4
70, Pres. Tte. Gral. Juan Domingo Perón C1037ACH ADA,Balvanera,18000.0,257.1
60, Argerich 3100 ,Villa del Parque,20000.0,333.3
57, Pavon 1950 ,Constitución,18000.0,315.8
60, Ortega y Gasset 1800 ,Palermo,35000.0,583.3
57, AV CALLAO 300 ,Congreso,20000.0,350.9
60, Araoz Alfaro y Ambrosetti SN ,Caballito,33000.0,550.0
55, Trelles 900 ,Caballito,22000.0,400.0
100, República Árabe Siria 2920 ,Palermo,70000.0,700.0
67, VIRREY OLAGUER 2468 ,Belgrano,25000.0,373.1
27, San Luis 2850 ,Recoleta,22000.0,814.8
53, CABRERA 3840 ,Palermo,35000.0,660.4
50, Av. Forest 435 ,Chacarita,8000.0,160.0
54, Manuel Artigas 5196 ,Villa Luro,17500.0,324.1
51, Av. Escalada 20 ,Villa Luro,18000.0,352.9
70, Anchorena 1300 ,Recoleta,26000.0,371.4
80, Zequeira 6024 ,Mataderos,14000.0,175.0
60, Monroe 4521 ,Villa Urquiza,34500.0,575.0
55, Acoyte 91 ,Caballito,20000.0,363.6
75, AVENIDA LA PLATA 1300 ,Boedo,30000.0,400.0
72, PALESTINA 607 ,Almagro,27000.0,375.0
65, BALBIN 2600 ,Belgrano,32500.0,500.0
70, AV. ESCALADA 4300 ,Villa Lugano,20000.0,285.7
58, Jose luis cantilo 5037 ,Villa Devoto,30000.0,517.2
60, arenales 2800 ,Recoleta,25000.0,416.7
73, Avenida Garay 1264 ,Constitución,17999.0,246.6
76, Gurruchaga 274 ,Villa Crespo,36000.0,473.7
45, Álvarez Thomas 833 ,Colegiales,20000.0,444.4
60, CAMARONES 2800 ,Villa del Parque,23000.0,383.3
55, Esmeralda 900 ,Retiro,18000.0,327.3
78, terrada 925 ,Flores,28000.0,359.0
62, Sanchez de Bustamante 1880 ,Recoleta,27500.0,443.5
70, guemes 3756 ,Palermo,29700.0,424.3
48, Albarellos 2957 ,Villa Pueyrredón,25000.0,520.8
110, Virrey del pino 2100 ,Belgrano,80000.0,727.3
56, Cabildo 3200 ,Belgrano,21900.0,391.1
95, av. Corrientes 4800 ,Villa Crespo,30000.0,315.8
70, Av juan de garay 700 ,San Telmo,25000.0,357.1
74, Av. Libertador 5600 ,Belgrano,53000.0,716.2
120, Pasaje Lomas de zamora 2455 ,Villa Devoto,50000.0,416.7
67, Matheu 1200 ,San Cristóbal,23000.0,343.3
53, Acuña de Figueroa al 100 SN ,Almagro,25000.0,471.7
55, Acuña de Figueroa 151 ,Almagro,25000.0,454.5
70, Rivadavia 10400 ,Villa Luro,21000.0,300.0
60, FRANKLIN D. ROOSEVELT 2585 ,Belgrano,34000.0,566.7
54, Nahuel Huapi 4500 ,Villa Urquiza,37500.0,694.4
96, AVENIDA SANTA FE 3968 ,Palermo,35000.0,364.6
70, Terrada 921 ,Flores,27000.0,385.7
56, Yerbal 5126 ,Villa Luro,15000.0,267.9
67, Matheu 1200 ,San Cristóbal,23000.0,343.3
50, Achaval 200 ,Caballito,28000.0,560.0
80, Conesa 776 ,Colegiales,60000.0,750.0
90, Dragones 2200 ,Belgrano,137475.0,1527.5
100, Figueroa Alcorta 7184 ,Belgrano,60000.0,600.0
79, San Juan 2190 ,San Cristóbal,29000.0,367.1
57, Tucuman 1600 ,Recoleta,18500.0,324.6
80, AZUCENA VILLA FLOR 500 ,Puerto Madero,128310.00000000001,1603.9
70, Curapaligue 60 ,Caballito,27000.0,385.7
90, Valentin Gomez 2600 ,Once,28100.0,312.2
58, Olleros 2454 ,Colegiales,26000.0,448.3
62, juramento 2564 ,Belgrano,25000.0,403.2
50, Rivadavia 5200 ,Caballito,27000.0,540.0
50, ALVAR NUÑEZ 200 ,La Boca,14000.0,280.0
65, Freire 2300 ,Belgrano,24900.0,383.1
63, vidal 2500 ,Belgrano,27700.0,439.7
60, Marcelo t de Alvear 1400 ,Recoleta,35000.0,583.3
80, Gabriela Mistral 2562 ,Villa Pueyrredón,33000.0,412.5
56, Rondeau SN ,Parque Patricios,23000.0,410.7
52, Av entre Rios 1000 1000 ,San Cristóbal,22600.0,434.6
62, andres vallejos 3000 ,Villa Pueyrredón,33000.0,532.3
55, Plaza 3969 ,Saavedra,20000.0,363.6
45, Senillosa 500 ,Caballito,18000.0,400.0
60, corvalan 108 ,Villa Luro,20000.0,333.3
50, C. Ramirez 5800 ,Villa Lugano,12000.0,240.0
60, Cnel. Ramón Falcón 2800 ,Flores,26000.0,433.3
70, cramer 355 ,Colegiales,24000.0,342.9
49, av soldado de la frontera 5100 ,Villa Lugano,12900.0,263.3
68, Patron 5800 ,Villa Luro,25800.0,379.4
50, GUAYAQUIL al 100 ,Caballito,22000.0,440.0
70, Montañeses 1900 ,Belgrano,26000.0,371.4
40, Argerich 2900 ,Villa del Parque,21000.0,525.0
40, Carlos Calvo 600 2° ,San Telmo,19000.0,475.0
53, Yerbal 5126 ,Villa Luro,16000.0,301.9
62, RAMÓN FALCÓN 3400 ,Floresta,17500.0,282.3
60, Salguero 800 ,Palermo,30000.0,500.0
60, Avenida General Paz 13100 9° ,Mataderos,16000.0,266.7
53, Independencia al 4000 ,Boedo,18000.0,339.6
54, Escalada 19 ,Villa Luro,17000.0,314.8
45, Santander 3000 1° ,Flores,18000.0,400.0
40, Castelli 256 ,Balvanera,16500.0,412.5
44, Asunción 3214 ,Villa del Parque,19500.0,443.2
45, Santander 3000 1° ,Flores,17000.0,377.8
60, Membrillar 275 8º E,Flores,18000.0,300.0
50, Ciudad de la Paz 2900 ,Belgrano,24000.0,480.0
56, Rivadavia al 4700 ,Caballito,17000.0,303.6
47, Boedo 1707 ,Boedo,20000.0,425.5
71, Achaval 200 ,Caballito,33000.0,464.8
55, Rivadavia 3217 ,Almagro,23000.0,418.2
46, AV. Velez Sarsfield N° al 100 ,Parque Patricios,16000.0,347.8
56, AVDA.GAONA 1300 2,Caballito,28000.0,500.0
50, Tacuari al 2000 ,Barracas,19000.0,380.0
50, Santander 3000 2° ,Flores,17000.0,340.0
70, Andrés Lamas 1947 ,Paternal,20000.0,285.7
80, Av. Directorio al 1300 ,Caballito,24500.0,306.2
60, Nicolas Repetto al 300 ,Caballito,20000.0,333.3
59, Vallejos al 4400 ,Villa Devoto,29800.0,505.1
53, Av. Rivadavia al 4390 ,Caballito,21000.0,396.2
61, Estado de Israel al 4700 ,Villa Crespo,25000.0,409.8
55, Chile al 800 ,San Telmo,24000.0,436.4
55, Zapiola 2300 ,Belgrano,30000.0,545.5
57, lascano 2900 ,Villa del Parque,30000.0,526.3
65, sayos 5684 ,Villa Lugano,18000.0,276.9
56, Mendez de Andes 1793 ,Caballito,21000.0,375.0
40, Mexico 2000 PB ,Balvanera,20000.0,500.0
46, Av. Jujuy 2090 5ºB,Parque Patricios,20000.0,434.8
60, Panama 900 ,Almagro,18000.0,300.0
45, Santander 3000 1° ,Flores,17000.0,377.8
55, calderon de la barca 1476 ,Monte Castro,21000.0,381.8
60, Salguero 800 ,Almagro,20000.0,333.3
50, Centenera al 600 ,Caballito,19000.0,380.0
50, Habana 4300 ,Villa Devoto,20000.0,400.0
80, Bulnes 1982 ,Palermo,32000.0,400.0
80, Dolores 9 ,Floresta,18000.0,225.0
54, Humberto 1° al 600 ,San Telmo,23000.0,425.9
60, Zabala 1700 ,Belgrano,22000.0,366.7
50, Santiago DEL Estero N° al 1400 ,Constitución,14000.0,280.0
77, Guayaquil 746 ,Caballito,25000.0,324.7
66, Quevedo N° 3700 ,Villa Devoto,26500.0,401.5
60, PADILLA al 600 ,Villa Crespo,20000.0,333.3
49, Bartolome Mitre al 2700 ,Balvanera,16000.0,326.5
52, Rodo 4200 6° ,Floresta,15000.0,288.5
92, Juana Manso 1300 ,Puerto Madero,70000.0,760.9
53, Cabildo 110,Belgrano,19000.0,358.5
68, Baigorria 2900 1° ,Villa del Parque,25000.0,367.6
64, Ramón L Falcón al 5400 ,Villa Luro,20000.0,312.5
55, Migueletes 1800 ,Belgrano,23000.0,418.2
50, Santander 3000 2° ,Flores,18000.0,360.0
46, Boyaca 500 1° ,Caballito,18000.0,391.3
77, Bauness al 2230 8º40,Villa Urquiza,27000.0,350.6
70, Uriburu al 100 ,Congreso,20000.0,285.7
65, Mercedes 3800 ,Villa Devoto,22500.0,346.2
60, Guardia Vieja 4000 ,Almagro,35000.0,583.3
50, Colombres al 900 ,Boedo,20000.0,400.0
45, HONDURAS al 5700 ,Palermo,20000.0,444.4
74, Juana Azurduy al 1600 ,Núñez,38000.0,513.5
58, Thames al 2100 ,Palermo,25000.0,431.0
45, Alberti al 500 ,Balvanera,17000.0,377.8
78, Paraguay al 3500 ,Palermo,22000.0,282.1
70, Martiniano Leguizamon 0 ,Liniers,21500.0,307.1
117, Juana Manso 1500 ,Puerto Madero,119145.00000000001,1018.3
65, Ricardo Gutierrez 3300 4° ,Villa del Parque,28000.0,430.8
65, Gaona al 2700 ,Caballito,19000.0,292.3
48, Marcos Paz 3600 2° ,Villa Devoto,20000.0,416.7
110, Torres DEL Yatch 3 AMB Amobaldo Juana Manso 590 Piso 38 ,Puerto Madero,247455.00000000003,2249.6
53, RIGLOS Y PEDRO GOYENA ,Caballito,26000.0,490.6
62, Armenia 2200 4,Palermo,35000.0,564.5
52, San ireneo 300 ,Caballito,26000.0,500.0
70, O HIGGINS al 1700 ,Belgrano,26900.0,384.3
53, Bogota 2400 ,Flores,25000.0,471.7
70, Padilla 600 ,Villa Crespo,24000.0,342.9
70, Cabello al 3200 ,Palermo,41242.5,589.2
80, Junin al 1000 ,Recoleta,22000.0,275.0
62, Av. Asamblea 1132 13º C ,Parque Chacabuco,22000.0,354.8
52, Miro Entre Bonifacio,Caballito,25000.0,480.8
80, MAURE al 2300 ,Belgrano,38000.0,475.0
51, Pacheco al 2200 ,Villa Urquiza,26000.0,509.8
50, JUNCAL 4500 ,Palermo,28500.0,570.0
60, Gorriti al 3400 ,Recoleta,22000.0,366.7
57, Garcia Lorca 20 PB B ,Caballito,19000.0,333.3
72, Av. Diaz Velez 4000 ,Almagro,28000.0,388.9
62, Timoteo Gordillo 100 13° ,Liniers,16000.0,258.1
83, Cerrito al 200,Monserrat,19000.0,228.9
51, AV CABILDO al 200 ,Belgrano,21000.0,411.8
65, Armenia 2200 6,Palermo,35000.0,538.5
67, Godoy Cruz 2900 ,Palermo,40000.0,597.0
52, Santiago DEL Estero al 100 ,Congreso,20000.0,384.6
56, Corrientes al 5600 ,Villa Crespo,25000.0,446.4
75, Franklin D. Roseevelt al 3200 ,Belgrano,45000.0,600.0
49, Matienzo,Palermo,25000.0,510.2
58, Virgilio 1376 ,Monte Castro,22000.0,379.3
55, Juncal al 4500,Palermo,29000.0,527.3
86, Juncal 1200 ,Recoleta,25000.0,290.7
80, borges 2300 ,Palermo,30000.0,375.0
70, Corvalan al 2600 ,Mataderos,23000.0,328.6
72, DOBLAS 100 ,Caballito,25000.0,347.2
75, Ramallo al 1700 ,Núñez,45000.0,600.0
130, Migueletes al 800 ,Palermo,229125.0,1762.5
55, Olazabal 5200 2° ,Villa Urquiza,25000.0,454.5
75, Corrientes al 4400 ,Almagro,32000.0,426.7
100, Melincue al 3200 ,Villa del Parque,32000.0,320.0
50, Charcas al 3600 ,Palermo,27000.0,540.0
65, Pedro Ignacio Rivera al 2400 ,Núñez,27000.0,415.4
90, Tucuman 600 ,San Nicolás,28500.0,316.7
75, Peña al 3000 ,Recoleta,45000.0,600.0
125, Felipe Vallese 2751 ,Flores,48000.0,384.0
75, Cerrito al 1500 Piso 16 ,Recoleta,28000.0,373.3
47, AV SAN Martin al 4900 ,Villa del Parque,19000.0,404.3
50, Lemos 83 ,Chacarita,20000.0,400.0
75, Cesar Diaz 4300 10° ,Floresta,23000.0,306.7
65, Jufre al 800 ,Villa Crespo,40000.0,615.4
80, Jorge Luis Borges al 1300 ,Palermo,25000.0,312.5
93, Av.Cabildo 500 ,Palermo,38000.0,408.6
50, B Mitre 1617 ,San Nicolás,16000.0,320.0
62, Conesa al 2500 ,Belgrano,35000.0,564.5
85, Vuelta de Obligado al 4600 ,Núñez,38000.0,447.1
46, Viamonte 2600 ,Balvanera,18000.0,391.3
90, Virrey Arredondo y Arcos ,Belgrano,40000.0,444.4
62, Barzana al 2100 ,Villa Urquiza,28000.0,451.6
60, LASCANO 2800 ,Villa del Parque,30000.0,500.0
64, GUEMES al 4200 ,Palermo,25000.0,390.6
55, Zapiola 2300 ,Belgrano,30000.0,545.5
80, Defensa al 800 ,San Telmo,38000.0,475.0
56, Plaza 2400 ,Coghlan,27000.0,482.1
110, Congreso 2700 ,Coghlan,60000.0,545.5
125, Felipe Vallese 2751 ,Floresta,48000.0,384.0
60, AV Cruz al 6200 ,Villa Lugano,18000.0,300.0
51, Avenida San Juan al 1900 ,San Cristóbal,25000.0,490.2
120, Av. Córdoba 800 ,Retiro,23800.0,198.3
180, Azucena Villaflor 600 ,Puerto Madero,200000.0,1111.1
60, OLAYA al 1100 ,Villa Crespo,20000.0,333.3
66, echevarria al 4200 ,Villa Urquiza,37000.0,560.6
63, Mario Bravo al 300 ,Almagro,27000.0,428.6
75, Culpina al 100 ,Flores,24000.0,320.0
65, rocha al 1500 ,Barracas,17500.0,269.2
131, Azucena Villaflor 500 ,Puerto Madero,192465.0,1469.2
57, Av Crisologo Larralde al 1900 ,Núñez,32000.0,561.4
90, Juncal 1900 5° ,Recoleta,39000.0,433.3
80, AVELLANEDA al 3200 ,Flores,18000.0,225.0
75, Terrada 921 ,Flores,28500.0,380.0
70, Arce al 200 ,Palermo,40000.0,571.4
68, Humberto Primo al 600 ,San Telmo,23000.0,338.2
65, Bolivia al 3000 ,Villa del Parque,35000.0,538.5
100, CALLAO AV. 1700 P.B.,Recoleta,89817.0,898.2
70, Departamento Amoblado en Nuñez ,Núñez,90000.0,1285.7
59, Amenabar 2800 ,Belgrano,25000.0,423.7
62, ciudad de la paz 2211 ,Belgrano,28000.0,451.6
55, Lascano 2900 ,Villa del Parque,30000.0,545.5
65, Avellaneda al 2600 ,Flores,20000.0,307.7
55, Billinghurst 200 ,Almagro,20000.0,363.6
60, GASCON al 1100 ,Almagro,25000.0,416.7
124, Gral. Indalecio Chenault 1900 ,Palermo,89500.0,721.8
135, Azucena Villaflor 500 ,Puerto Madero,174135.0,1289.9
65, Av Roosevelt al 2400 ,Belgrano,30000.0,461.5
126, Azucena Villaflor 500 ,Puerto Madero,247455.00000000003,1963.9
50, TUCUMAN 900 ,San Nicolás,20000.0,400.0
60, Bernardo de Yrigoyen al 1300 ,Monserrat,25000.0,416.7
110, Billinghurst al 2300 ,Recoleta,42000.0,381.8
65, Charcas al 3500 ,Palermo,40000.0,615.4
72, av diaz velez 4000 ,Almagro,28000.0,388.9
200, Juana Manso al 100 ,Puerto Madero,261202.50000000003,1306.0
82, Azcuenaga al 1300 ,Recoleta,30000.0,365.9
125, Aimé Painé al 1100 ,Puerto Madero,458250.0,3666.0
60, av de los Incas 4400 ,Chacarita,25000.0,416.7
50, Arévalo al 2900 ,Palermo,27000.0,540.0
75, Terrada 921 ,Floresta,28500.0,380.0
99, Republica Arabe Siria al 2900 ,Palermo,55000.0,555.6
62, Camargo al 700 ,Villa Crespo,24500.0,395.2
60, Fray Justo Santa María de Oro al 2700 ,Palermo,40000.0,666.7
62, 25 de mayo al 700 ,Retiro,24000.0,387.1
100, Amenbar al 1800 ,Belgrano,37000.0,370.0
115, Av del Libertador al 3500 ,Palermo,80000.0,695.7
75, Soler 6043 ,Palermo,40000.0,533.3
84, Tucuman al 900 ,San Nicolás,35000.0,416.7
200, Av del Libertador al 4900 ,Belgrano,174135.0,870.7
94, Parera al 100 ,Recoleta,40000.0,425.5
85, Guemes 3300 ,Palermo,100000.0,1176.5
80, Salta al 1500 ,Constitución,18000.0,225.0
60, av constituyentes 6264 ,Villa Urquiza,22000.0,366.7
65, Juncal al 1800 ,Recoleta,32000.0,492.3
71, Biarritz N° 2328,Villa del Parque,27000.0,380.3
145, Juana Manso al 500 ,Puerto Madero,137475.0,948.1
85, Juncal 1100 ,Recoleta,50000.0,588.2
90, Virrey Arredondo al 2200 ,Belgrano,30000.0,333.3
70, Guemes 2900 2º ,Recoleta,39000.0,557.1
77, Av. Las Heras 2500 ,Recoleta,38000.0,493.5
140, Thames 2161 ,Palermo,109980.0,785.6
97, Republica Arabe Siria al 2600 ,Palermo,36000.0,371.1
58, Pico 2300 1° ,Belgrano,30000.0,517.2
80, Giribone 1100 ,Colegiales,70000.0,875.0
105, Maure al 1500 ,Palermo,45000.0,428.6
75, :) ,Caballito,32000.0,426.7
56, SANTA FE al 4800 ,Palermo,27000.0,482.1
50, Avenida libertador al 6400 ,Núñez,25000.0,500.0
67, Av. Callao 1200 ,Recoleta,45000.0,671.6
55, Abraham J. Luppi al 900 ,Nueva Pompeya,15800.0,287.3
86, Juan Francisco Segui 4700 ,Palermo,95000.0,1104.7
48, P. I. Rivera 3045 ,Belgrano,23500.0,489.6
135, Levene al 900 ,Recoleta,219960.0,1629.3
90, LUIS MARIA CAMPOS 1100 ,Palermo,29000.0,322.2
70, Martiniano Leguizamon 0 ,Liniers,22000.0,314.3
90, Olga Cossettini 1300 ,Puerto Madero,72000.0,800.0
200, Av. Salvador María del Carril al 4100 ,Villa Devoto,65000.0,325.0
60, Arcos 1700 ,Belgrano,70000.0,1166.7
60, Juan Francisco Segui 3578 ,Palermo,32000.0,533.3
69, Jorge Luis Borges 2100 5ºA ,Palermo,60000.0,869.6
45, Vuelta de Obligado y Pico ,Núñez,30000.0,666.7
88, Helguera 2800 9° ,Villa del Parque,35000.0,397.7
122, Juana Manso al 1500 ,Puerto Madero,200000.0,1639.3
63, Zapata 100 ,Palermo,82485.0,1309.3
200, Olga Cossettini al 100 ,Puerto Madero,366600.0,1833.0
80, Olga Cossettini al 1100 ,Puerto Madero,65000.0,812.5
83, Azucena Villaflor ,Puerto Madero,82485.0,993.8
60, Roosevelt al 1900 ,Belgrano,43000.0,716.7
82, LAFINUR al 3100 ,Palermo,68000.0,829.3
148, Julieta Lanteri 1300 ,Puerto Madero,229125.0,1548.1
128, Ramon Castilla 2900 ,Palermo,192465.0,1503.6
134, Parana al 1200 ,Recoleta,206212.5,1538.9
82, Anchorena al 1600 ,Recoleta,35000.0,426.8
117, Quartier Ocampo ,Palermo,232791.0,1989.7
52, MONROE 3848 ,Belgrano,119145.00000000001,2291.3
58, Teniente General Juan Domingo Peron 1600 ,San Nicolás,16000.0,275.9
82, av diaz velez 3800 ,Almagro,27000.0,329.3
90, ARCOS al 1900 ,Belgrano,39000.0,433.3
108, Castañeda 2020 Piso 9 ,Belgrano,229033.35,2120.7
80, Giribone 1100 ,Chacarita,70000.0,875.0
120, Ortiz de Ocampo y cabello ,Palermo,174135.0,1451.1
72, Jorge Luis Borges 2100 2ºA ,Palermo,56000.0,777.8
55, Terrada 921 ,Flores,26000.0,472.7
85, Guemes al 3300 ,Palermo,100815.0,1186.1
64, Santos Dumont al 2300 ,Colegiales,50000.0,781.2
92, Torre River View,Puerto Madero,160000.0,1739.1
90, Cerrito al 1300 ,Recoleta,49000.0,544.4
96, Cramer al 1600 ,Belgrano,59572.50000000001,620.5
110, Arenales al 800 ,Retiro,30000.0,272.7
58, Vidal 1500 ,Belgrano,30000.0,517.2
107, JUNCAL al 2200 ,Recoleta,46000.0,429.9
80, Cabrera,Palermo,64155.00000000001,801.9
210, Macacha Güemes ,Puerto Madero,293280.0,1396.6
80, Jose Hernandez 2000 ,Belgrano,36000.0,450.0
193, Av. Libertador al 2100 ,Palermo,180000.0,932.6
97, Güemes 3500 ,Palermo,50000.0,515.5
95, Av. Libertador al 5400 ,Belgrano,120000.0,1263.2
80, uriarte 2200 ,Palermo,50000.0,625.0
60, Mansilla al 2900 ,Recoleta,30000.0,500.0
76, Av. Scalabrini Ortiz 41 ,Villa Crespo,25000.0,328.9
75, Guemes al 3300 ,Palermo,164970.0,2199.6
80, Juan B Justo al 1000 ,Palermo,128310.00000000001,1603.9
195, Avenida del Libertador al 4900 ,Palermo,174135.0,893.0
95, Bartolome Mitre 2600 ,Balvanera,35000.0,368.4
118, Arcos al 1200 ,Belgrano,46000.0,389.8
195, Avenida del Libertador al 4900 ,Palermo,252700.0,1295.9
60, Libertador al 1100 ,Recoleta,29000.0,483.3
70, Ruggeri al 2900 ,Palermo,164970.0,2356.7
145, Av. Libertador al 5400 ,Belgrano,320775.0,2212.2
191, Azucena Villaflor al 600 ,Puerto Madero,302445.0,1583.5
75, Corrientes,Villa Crespo,45000.0,600.0
67, Juncal al 3700 ,Palermo,28000.0,417.9
75, Guemes al 3300 ,Palermo,293280.0,3910.4
175, Av. del Libertador al 300 ,Retiro,274950.0,1571.1
78, MIGUELETES 1640 ,Belgrano,69000.0,884.6
160, Av Juana Manso 153 p. 8 ,Puerto Madero,274950.0,1718.4
80, O HIGGINS al 1700 ,Belgrano,49900.0,623.8
64, Santos Dumont al 2300 ,Palermo,50000.0,781.2
59, Migueletes al 2300 ,Belgrano,28000.0,474.6
70, Catalina Marchi al 200 ,Belgrano,37000.0,528.6
70, Julian Alvarez al 2500 ,Recoleta,30000.0,428.6
145, Av. Libertador al 5400 ,Belgrano,210795.0,1453.8
60, Av. Córdoba y Uruguay ,Recoleta,68000.0,1133.3
70, Arroyo al 800 ,Retiro,119145.00000000001,1702.1
124, Juana Manso 1150 ,Puerto Madero,146640.0,1182.6
110, Av. Alvear al 1700 ,Recoleta,59000.0,536.4
63, Mendoza al 5000 ,Villa Urquiza,27000.0,428.6
54, Aguilar 2390 ,Colegiales,36000.0,666.7
120, Felipe Vallese 2751 ,Floresta,57900.0,482.5
93, Castañeda 2020 ,Belgrano,201630.0,2168.1
75, Guemes al 3300 ,Palermo,178717.5,2382.9
74, Uriarte 2363 ,Palermo,109980.0,1486.2
55, Terrada 921 ,Floresta,26000.0,472.7
60, CIUDAD DE LA PAZ al 2100 ,Belgrano,25000.0,416.7
136, Macacha Güemes al 300 ,Puerto Madero,229125.0,1684.7
68, DR. PEDRO IGNACIO RIVERA 4785 ,Villa Urquiza,36050.0,530.1
200, Olga Cossettini al 100 ,Puerto Madero,265785.0,1328.9
54, Alquiler Departamento 3 Ambientes ,Belgrano,30000.0,555.6
120, QUINTANA MANUEL PRES. AV 80 ,Recoleta,50000.0,416.7
75, Juncal 4690 ,Palermo,137475.0,1833.0
148, Live Hotel,Palermo,265785.0,1795.8
58, Galicia al 1100 ,Caballito,22000.0,379.3
110, Congreso 2700 ,Núñez,60000.0,545.5
120, Felipe Vallese 2751 ,Flores,57900.0,482.5
64, Santos Dumont al 2300 ,Belgrano,50000.0,781.2
70, Ruggeri al 2900 ,Palermo,55000.0,785.7
59, Amenabar 2800 ,Belgrano,29000.0,491.5
64, GUEMES al 4200 ,Palermo,25000.0,390.6
61, Pacheco al 2800 ,Villa Urquiza,35000.0,573.8
53, Scalabrini Ortiz 34 Piso 9 Dpto 17 ,Villa Crespo,25000.0,471.7
52, O Higgins al 2100 ,Belgrano,30000.0,576.9
90, Avenida Lacroze al 1800 ,Belgrano,50000.0,555.6
78, RIVADAVIA 4986 ,Caballito,27000.0,346.2
71, AV. Rivadavia 4620 ,Caballito,35000.0,493.0
75, Humboldt 2100 ,Palermo,174135.0,2321.8
63, Navarro al 3400 ,Villa Devoto,32000.0,507.9
191, Azucena Villaflor al 600 ,Puerto Madero,366600.0,1919.4
65, Beruti al 3400 ,Palermo,55000.0,846.2
73, SANTA FE AV. 2669 ,Recoleta,27000.0,369.9
90, Cerviño 4600 ,Palermo,200000.0,2222.2
90, Arenales 3700 7° ,Palermo,40000.0,444.4
113, Sucre AL al 700 ,Belgrano,183300.0,1622.1
78, ANCHORENA al 1400 ,Recoleta,28000.0,359.0
136, Excelente 3 Ambientes en Alquiler en Torre LE Parc ,Puerto Madero,247455.00000000003,1819.5
44, Mansilla 2900,Recoleta,28000.0,636.4
75, Fray Justo Santamaria de Oro al 2900 ,Palermo,38000.0,506.7
175, Av. del Libertador al 300 ,Recoleta,274950.0,1571.1
65, Conesa al 2100 Entre Juramento y Mendoza ,Belgrano,29500.0,453.8
122, Juana Manso al 700 ,Puerto Madero,183300.0,1502.5
190, Marta Linch al 400 ,Puerto Madero,366600.0,1929.5
64, Mansilla al 3000 ,Recoleta,64155.00000000001,1002.4
110, Ciudad de la Paz 2400 ,Belgrano,65000.0,590.9
85, Cañada de Gómez 1900 ,Mataderos,26000.0,305.9
190, Azucena Villaflor al 600 ,Puerto Madero,320775.0,1688.3
146, Av Libertador al 3500 ,Palermo,110000.0,753.4
124, QUINTANA MANUEL PRES. AV 100 1,Recoleta,50000.0,403.2
